Bratislavský kraj,,
,,
Volebný obvod č. 1,,
 , , 
Miroslava Babčanová,SMER - SD,"1,298"
Pavol Baxa,"SDKÚ - DS,SZ,OKS,SMK-MKP,SaS,MOST - HÍD,KDH","2,835"
Ľubomír Boháč,NOVA,"1,352"
Martin Borguľa,SMER - SD,"2,544"
Michal Božík,NÁŠ KRAJ,241
Marta Černá,NF,"3,158"
Miloš Domorák,"SDKÚ - DS,SZ,OKS,SMK-MKP,SaS,MOST - HÍD,KDH","2,313"
Ondrej Dostál,"SDKÚ - DS,SZ,OKS,SMK-MKP,SaS,MOST - HÍD,KDH","4,124"
Štefan Fábry,KSS,350
Gábor Grendel,NOVA,"2,458"
Milan Hučko,PD,109
Dušan Jarjabek,SMER - SD,"1,409"
Boris Kábele,ĽS Naše Slovensko,102
Ivan Kičikolev,SMS,116
Gabriel Kollár,SMS,148
Martin Kormúth,SZS,541
Milan Lopašovský,SMS,160
Ján Minarovjech,NP,81
Juraj Miškov,NOVA,"1,651"
Vladimír Palko,KDS,699
Miroslav Šuňal,SNS,174
Dagmar Tkáčová Vanečková,SNS,299
Andrej Trnovec,SĽS,186
Ilja Velich,NP,145
Erika Vincoureková,NP,351
,,
Volebný obvod č. 2,,
 , , 
Tomáš Alscher,SMER - SD,"3,272"
Marián Andel,SNS,"1,334"
Peter Bielik,SĽS,535
Beata Bušová,NP,370
Marián Čemez,SMS,323
Lubomír Čižmár,SMS,401
Miroslav Demko,NÁŠ KRAJ,640
Juraj Droba,NOVA,"3,270"
Slavomír Drozd,SMER - SD,"3,756"
Stanislav Gerbel,SMER - SD,"2,429"
Natália Grausová,SĽS,703
Alexander Haas,ĽS Naše Slovensko,247
Milan Hasák,SMS,242
Rudolf Hauzer,NOVA,"1,995"
Attila Horváth,"SDKÚ - DS,SZ,OKS,SMK-MKP,SaS,MOST - HÍD,KDH","4,381"
Peter Hrapko,SMER - SD,"3,325"
Tomáš Hruška,SNS,890
Natália Hrušková,SNS,692
Kamila Hrušková,SNS,902
Martin Chren,NOVA,"3,176"
Dušan Kečkéš,NP,289
Damián Kováč,NOVA,"1,814"
Rudolf Kučera,SDĽ,242
Viera Kyselicová,SNS,943
Ivan Martyák,SMER - SD,"1,891"
Tomáš Matuška,NP,632
Michal Muránsky,NOVA,"1,852"
Ivo Nesrovnal,"SDKÚ - DS,SZ,OKS,SMK-MKP,SaS,MOST - HÍD,KDH","6,679"
Ivan Parák,MS,361
Ladislav Pecko,SNS,"1,686"
Dušan Pekár,"SDKÚ - DS,SZ,OKS,SMK-MKP,SaS,MOST - HÍD,KDH","7,994"
Lukáš Pokorný,"SDKÚ - DS,SZ,OKS,SMK-MKP,SaS,MOST - HÍD,KDH","5,432"
Miroslav Polner,SĽS,350
Marek Pospíchal,SMER - SD,"2,166"
Eduard Púčik,NaS - ns,512
Zuzana Schwartzová,"SDKÚ - DS,SZ,OKS,SMK-MKP,SaS,MOST - HÍD,KDH","6,088"
Vladimír Sloboda,"SDKÚ - DS,SZ,OKS,SMK-MKP,SaS,MOST - HÍD,KDH","5,372"
Ondrej Sova,NP,562
Sandra Srholcová,EDS,888
Martin Škriňa,NP,390
Marta Švihrová,NOVA,"1,710"
Daniel Talán,SMS,243
Soňa Turi Nagyová,EDS,830
,,
Volebný obvod č. 3,,
 , , 
Peter Adamec,SMER - SD,932
Mária Burianová,NP,225
Miroslav Kohuťár,99%,370
Štefan Maixner,SMER - SD,650
Katarína Matuszná,NEKA,680
Alžbeta Ožvaldová,"SDKÚ - DS,SZ,OKS,SMK-MKP,SaS,MOST - HÍD,KDH","2,423"
Ildikó Virágová,"SDKÚ - DS,SZ,OKS,SMK-MKP,SaS,MOST - HÍD,KDH","1,402"
,,
Volebný obvod č. 4,,
 , , 
Peter Ágoston,NEKA,"2,022"
Monika Andresičová,NP,180
Katarína Augustinič,NOVA,"1,633"
Zuzana Bačiak Masaryková,"SDKÚ - DS,SZ,OKS,SMK-MKP,SaS,MOST - HÍD,KDH","1,624"
Hafez Badeeb,SMS,235
Ján Barczi,SMER - SD,"1,124"
Milan Brachňák,PD,121
Sayon Camara,SMER - SD,589
Pavol Dobročáni,NP,134
Pavol Galamboš,"SDKÚ - DS,SZ,OKS,SMK-MKP,SaS,MOST - HÍD,KDH","2,452"
Milan Horčičák,MS,212
Daniel Hudec,NOVA,885
Jozef Jágerský,ĽS Naše Slovensko,427
Eva Jaššová,SNS,593
Rudolf Kusý,NEKA,"4,427"
Patrick Lutter,SMER - SD,"1,026"
Vladimír Mikuš,"SDKÚ - DS,SZ,OKS,SMK-MKP,SaS,MOST - HÍD,KDH","1,817"
Marek Norovský,NOVA,"1,218"
Jaroslav Paška,SNS,"1,073"
Michal Pridala,SMS,232
Ján Šimko,SMS,151
,,
Volebný obvod č. 5,,
 , , 
Milan Andráš,NÁŠ KRAJ,435
Milada Dobrotková,NEKA,"1,016"
Mária Ďuračková,SMS,193
Jozef Házy,NF,438
Ivan Janečka,NF,310
Juraj Lauko,"SDKÚ - DS,SZ,OKS,SMK-MKP,SaS,MOST - HÍD,KDH","2,298"
Tibor Novotka,MS,139
Róbert Pajdlhauser,NOVA,875
Ján Panák,SMER - SD,962
Martina Rovenská,SMER - SD,942
Roman Ruhig,NP,166
Mária Šujancová,NP,147
Anna Zemanová,"SDKÚ - DS,SZ,OKS,SMK-MKP,SaS,MOST - HÍD,KDH","1,711"
,,
Volebný obvod č. 6,,
 , , 
Igor Bendík,"SDKÚ - DS,SZ,OKS,SMK-MKP,SaS,MOST - HÍD,KDH","3,624"
Martin Berta,"SDKÚ - DS,SZ,OKS,SMK-MKP,SaS,MOST - HÍD,KDH","3,654"
Ivan Bielik,ĽS Naše Slovensko,890
Radomír Bučák,NEKA,"1,598"
Jana Cigániková,"SDKÚ - DS,SZ,OKS,SMK-MKP,SaS,MOST - HÍD,KDH","3,576"
Mária Dubčeková,SMER - SD,"2,267"
Vladimír Dulla,NEKA,"1,773"
Alena Dušatková,99%,392
Ján Garaj,SNS,651
Iveta Hanulíková,SMER - SD,"2,969"
Viera Haruštiaková,PD,515
Vladislav Hečko,NOVA,"1,516"
Jaroslav Hrubý,NP,171
Michal Hušek,KDS,475
Juraj Kadnár,"SDKÚ - DS,SZ,OKS,SMK-MKP,SaS,MOST - HÍD,KDH","3,448"
Andrej Kovarik,"Zmena zdola, DÚ","1,220"
Ľuboš Krajčír,NOVA,"1,141"
Peter Mikletič,99%,362
Karol Ondriáš,KSS,698
František Palko,SMER - SD,"1,745"
Igor Strasser,NaS - ns,352
Denis Svoboda,"Zmena zdola, DÚ",494
Jaromír Šíbl,"Zmena zdola, DÚ","1,729"
,,
Volebný obvod č. 7,,
 , , 
Beáta Bohunická,SMER - SD,"1,667"
Miroslav Černý,NaS - ns,201
Erika Ďuricová,NOVA,885
Andrea Farkašová,NP,251
Ladislav Gáborík,ĽS Naše Slovensko,331
Peter Hanulík,SMER - SD,"1,896"
Jozef Harman,SMS,255
Milan Hlinka,NEKA,856
Jozef Hrabina,SNS,544
Kornélia Jelašičová,NOVA,788
Juraj Káčer,"SDKÚ - DS,SZ,OKS,SMK-MKP,SaS,MOST - HÍD,KDH","3,290"
Rastislav Kevický,SNS,384
Peter Kmeť,NEKA,600
Rudolf Liška,SMS,135
Ján Mihálik,SNS,319
Radoslav Olekšák,SMER - SD,"1,778"
Juraj Pogány,SMS,125
Rudolf Poruban,NOVA,"1,788"
Monika Procházková,NEKA,882
Miroslav Rašman,NEKA,291
Martin Režňák,NP,136
Miloš Sitár,NP,128
Anna Somorovská,SĽS,197
Peter Šramko,"SDKÚ - DS,SZ,OKS,SMK-MKP,SaS,MOST - HÍD,KDH","3,461"
Martin Zaťovič,"SDKÚ - DS,SZ,OKS,SMK-MKP,SaS,MOST - HÍD,KDH","4,083"
,,
Volebný obvod č. 8,,
 , , 
Ivana Antošová,SMER - SD,"2,827"
Miriam Benešová,SDĽ,467
Zdenka Beňová,ĽS Naše Slovensko,611
Andrea Bratislavská,SMER - SD,"2,313"
Miloš Černák,SNS,596
Stanislav Čižmárik,NÁŠ KRAJ,302
Ľubor Čuda,NÁŠ KRAJ,272
Anton Čulen,MS,"1,475"
Eduard Demel,"SDKÚ - DS,SZ,OKS,SMK-MKP,SaS,MOST - HÍD,KDH","4,363"
Karol Fajnor,SDĽ,"1,140"
Ľudmila Farkašovská,SMER - SD,"3,249"
Gabriela Ferenčáková,"SDKÚ - DS,SZ,OKS,SMK-MKP,SaS,MOST - HÍD,KDH","4,228"
Mária Fratričová,NOVA,"1,975"
Eva Gašparíková,NaS - ns,474
Miloš Gloznek,NEKA,"1,182"
Tibor Gódány,NP,210
Marián Greksa,NOVA,"3,573"
Ján Gréner,SNS,634
Henrich Haščák,NOVA,"1,839"
Július Hauser,NaS - ns,500
Ján Havlík,NP,243
Peter Hochschorner,"Zmena zdola, DÚ","3,940"
Ľuboš Homola,"Zmena zdola, DÚ","1,787"
Peter Hopjak,NP,290
Ján Hrčka,NEKA,"3,058"
Marián Chmelár,ĽS Naše Slovensko,468
Alena Chudíková,"Zmena zdola, DÚ","1,990"
Ľubica Janegová,NOVA,"1,748"
Mária Javoreková,NP,473
Martin Jóna,"SDKÚ - DS,SZ,OKS,SMK-MKP,SaS,MOST - HÍD,KDH","3,513"
Darina Jurčacková,SMS,332
Róbert Kalmár,SDĽ,611
Ján Karman,"SDKÚ - DS,SZ,OKS,SMK-MKP,SaS,MOST - HÍD,KDH","4,068"
Vladimír Kesegh,SMER - SD,"2,204"
Vladimír Kopča,SDĽ,432
Ján Kordoš,SNS,551
Jozef Krajča,SMER - SD,"1,875"
Eva Krnáčová,"Zmena zdola, DÚ","1,354"
Jana Lachkovičová,PD,285
Daniela Lengyelová,SMER - SD,"2,329"
Ivan Lučanič,KDS,"1,280"
Ivan Lulják,KSS,563
Peter Mach,"SDKÚ - DS,SZ,OKS,SMK-MKP,SaS,MOST - HÍD,KDH","4,105"
Marek Máchal,MS,544
Peter Marček,SOSKA,402
Dominika Marošiová,NP,440
Roman Masár,SMER - SD,"2,820"
Tatiana Mikušová,"SDKÚ - DS,SZ,OKS,SMK-MKP,SaS,MOST - HÍD,KDH","4,415"
Martin Miškov,NOVA,"2,808"
Daniel Moško,NOVA,"1,461"
Beata Novomeská,NEKA,"1,225"
Viliam Ovsepian,NOVA,933
Elena Pätoprstá,"Zmena zdola, DÚ","4,075"
Iveta Plšeková,NEKA,"2,543"
Peter Podolay,SMER - SD,"1,695"
Richard Rikkon,SMS,"1,789"
Ľubica Rybárska,NOVA,"2,172"
Peter Senko,NP,490
Rastislav Schlosár,ĽS Naše Slovensko,343
Ladislav Snopko,"SDKÚ - DS,SZ,OKS,SMK-MKP,SaS,MOST - HÍD,KDH","5,878"
František Šebej,"SDKÚ - DS,SZ,OKS,SMK-MKP,SaS,MOST - HÍD,KDH","6,475"
Jana Tanglmayerová,PD,422
František Tanko,SRÚS,254
Andrej Turzo,SNS,768
Pavel Vlček,SOSKA,342
Jozef Vydra,"Zmena zdola, DÚ","1,680"
Tomáš Žiak,SMS,816
,,
Volebný obvod č. 9,,
 , , 
Oskar Dobrovodský,NaS - ns,"1,927"
František Friala,SMER - SD,503
Rastislav Halla,NOVA,467
Marián Haramia,NEKA,"2,306"
Marta Jakubčová,NP,160
Juraj Jurkovič,NOVA,486
Anežka Kujanová,SNS,661
Martin Macejka,"SDKÚ - DS,SZ,OKS,SMK-MKP,SaS,MOST - HÍD,KDH","1,445"
Jozef Maslín,"SDKÚ - DS,SZ,OKS,SMK-MKP,SaS,MOST - HÍD,KDH",975
Jozef Mračna,SMER - SD,"1,259"
Jozef Ondrejka,SMER - SD,"1,435"
Peter Tydlitát,SNS,829
Peter Vrablec,"SDKÚ - DS,SZ,OKS,SMK-MKP,SaS,MOST - HÍD,KDH",921
,,
Volebný obvod č. 10,,
 , , 
Róbert Bujna,NEKA,421
Marek Čulen,SMS,75
Erika Galanská,"Zmena zdola, DÚ",35
Ľubomír Húbek,SMER - SD,385
Karol Štark,EDS,253
Peter Švaral,NEKA,749
Ondrej Uhliarik,"SDKÚ - DS,SZ,OKS,SMK-MKP,SaS,MOST - HÍD,KDH",331
,,
Volebný obvod č. 11,,
 , , 
Karol Janata,"SDKÚ - DS,SZ,OKS,SMK-MKP,SaS,MOST - HÍD,KDH",714
Erik Juračič,SĽS,61
Jozef Kliment,PD,43
Roman Maroš,NEKA,974
Štefánia Moricová,SMER - SD,877
Alžbeta Ondrušová,NOVA,359
,,
Volebný obvod č. 12,,
 , , 
René Bílik,"SDKÚ - DS,SZ,OKS,SMK-MKP,SaS,MOST - HÍD,KDH","2,483"
Richard Demovič,SMER - SD,"1,576"
Ľudovít Jurčík,NOVA,696
Vladimír Kinder,SNS,303
Jozef Kollár,NOVA,968
Oliver Solga,"SDKÚ - DS,SZ,OKS,SMK-MKP,SaS,MOST - HÍD,KDH","2,950"
Jalal Suleiman,KSS,208
Kvetoslava Štrbová,SMER - SD,"1,441"
,,
Volebný obvod č. 13,,
 , , 
Dominik Bučurič,NEKA,414
Peter Fitz,SMER - SD,847
Milan Kajan,NOVA,247
Peter Machciník,"SDKÚ - DS,SZ,OKS,SMK-MKP,SaS,MOST - HÍD,KDH",413
Juraj Peržo,NEKA,564
,,
Volebný obvod č. 14,,
 , , 
Miroslav Baxa,SMER - SD,440
Radovan Mičunek,NEKA,794
Jozef Mruškovič,NEKA,267
Ivan Patoprstý,"SDKÚ - DS,SZ,OKS,SMK-MKP,SaS,MOST - HÍD,KDH",817
Ján Šalát,NOVA,215
,,
Volebný obvod č. 15,,
 , , 
Emese Dobošová,SMER - SD,509
Juraj Gubáni,NEKA,647
Karol Jankó,KSS,31
Gabriella Németh,"SDKÚ - DS,SZ,OKS,SMK-MKP,SaS,MOST - HÍD,KDH","1,137"
Jolana Saltiel,RIS,62
Eva Takácsová,NOVA,208
Jozef Zrnek,NEKA,211
,,
Volebný obvod č. 16,,
 , , 
Ladislav Gujber,"SDKÚ - DS,SZ,OKS,SMK-MKP,SaS,MOST - HÍD,KDH","1,366"
Peter Ondrus,NEKA,498
Dušan Šebok,SMER - SD,601
Radoslav Štiglic,SMS,107
,,
Volebný obvod č. 17,,
 , , 
Richard Červienka,NEKA,"1,249"
Tibor Jančula,SNS,250
Oskár Kuna,EDS,53
Ľubomír Poór,SMER - SD,685
Juraj Rýdzi,NOVA,329
Peter Stanko,"SDKÚ - DS,SZ,OKS,SMK-MKP,SaS,MOST - HÍD,KDH","1,049"
Peter Špacír,SMS,43
,,
Volebný obvod č. 18,,
 , , 
Mária Gaspareková,NP,231
Jozef Hudák,SNS,255
Štefan Jurčík,SMER - SD,753
Michal Polónyi,PD,54
István Pomichal,"SDKÚ - DS,SZ,OKS,SMK-MKP,SaS,MOST - HÍD,KDH","1,059"
Blažej Slabý,NOVA,555
,,
Trnavský kraj,,
,,
Volebný obvod č. 1,,
 , , 
László Bacsó,SMK-MKP,"8,507"
Gabriel Bárdos,SMK-MKP,"8,614"
Lajos Berner,MOST - HÍD,"4,119"
Gabriel Csicsai,MOST - HÍD,"6,638"
Jozef Čech,NP,511
Marian Dúbrava,"KDH,SDKÚ - DS",878
Arpád Érsek,MOST - HÍD,"8,077"
Eva Farkašová,SRÚS,467
Tímea Feketeová,MOST - HÍD,"5,202"
Iván Fenes,SMK-MKP,"8,002"
Terézia Földváryová,NEKA,"2,169"
Miroslav Gašpar,MOST - HÍD,"5,430"
Zoltán Hájos,SMK-MKP,"8,565"
Štefan Horony,"KDH,SDKÚ - DS",677
Richard Kmeť,SMER - SD,"1,294"
Erika Kočišová,NOVA,773
Marián Krásny,SNS,475
Ľudovít Kulcsár,NEKA,"2,610"
József Kvarda,SMK-MKP,"8,177"
Ildikó Laposová,MOST - HÍD,"4,850"
Attila Lázok,NEKA,"1,632"
József Menyhárt,SMK-MKP,"8,238"
László Miklós,SMK-MKP,"7,665"
József Nagy,MOST - HÍD,"8,794"
Vidor Nagy,SMS,"1,820"
Ladislav Polák,SMK-MKP,"6,282"
Mária Rabinová,KSS,371
Štefan Radics,SMER - SD,738
Jozef Ravasz,SRÚS,756
Július Šimon,NEKA,"1,449"
Peter Štuller,"KDH,SDKÚ - DS","1,111"
František Vangel,MOST - HÍD,"4,259"
,,
Volebný obvod č. 2,,
 , , 
Gergely Agócs,SMK-MKP,"3,136"
József Berényi,SMK-MKP,"4,671"
László Biró,SMK-MKP,"3,576"
Boris Brunner,MOST - HÍD,"1,815"
Zuzana Csadyová,MOST - HÍD,"2,948"
Pavol Doval,SMER - SD,"1,823"
Zoltán Forró,MOST - HÍD,"2,531"
Krisztián Forró,SMK-MKP,"3,698"
Gábor Gál,MOST - HÍD,"3,608"
Júlia Gálová,SMER - SD,"1,969"
František Gőgh,ND,965
Bystrík Horváth,SNS,"1,830"
Mikuláš Horváth,SMK-MKP,"2,605"
Ervin Chomča,MOST - HÍD,"3,050"
František Juhos,MOST - HÍD,"2,956"
Ladislav Klempa,KSS,639
Peter Kolek,KSS,740
Róbert Korec,"KDH,SDKÚ - DS","1,535"
Slávka Kramárová,SNS,"2,390"
Adrián Macho,"SaS,OKS","1,152"
Miloš Majko,"Zmena zdola, DÚ","1,741"
Michal Nagy,SMS,413
Jozef Nagy,NEKA,"1,383"
Zsolt Oros,MOST - HÍD,"1,635"
Gábor Pallya,ND,683
László Pék,SMK-MKP,"3,126"
Stanislava Režnáková,SNS,"1,074"
Roman Súkeník,SMER - SD,"2,653"
Roland Szekera,NOVA,554
Ľuboš Šúry,SMER - SD,"3,042"
Milan Vlček,ĽS-HZDS,857
Ružena Vongrejová,NOVA,714
Vladimír Vranovič,SMER - SD,"2,790"
,,
Volebný obvod č. 3,,
 , , 
Branislav Andreanský,"KDH,SDKÚ - DS",537
Miroslav Bobák,NEKA,810
Erik Bojničan,MOST - HÍD,207
Ján Dlhopolček,ĽS-HZDS,646
Milan Domaracký,NEKA,"1,961"
Miloslav Drgoň,NEKA,"1,189"
Peter Dvoran,"KDH,SDKÚ - DS","1,259"
Vladimír Filip,SNS,161
Alena Jelušová,NEKA,"1,691"
Zdenka Magulicová,NaS - ns,460
Milan Miklovič,ND,91
Lubomír Paulík,SRK,157
Oliver Pestún,NEKA,"1,180"
Radomír Pikna,NaS - ns,159
Ivan Rogovský,"SaS,OKS",101
Gabriela Sporímska,SMER - SD,841
Tibor Stanko,"KDH,SDKÚ - DS",601
Stanislav Števo,SMER - SD,744
Peter Tvrdý,KSS,268
Martin Vilhelm,SRK,52
Patrik Voltmann,NEKA,"1,014"
Miroslav Začko,ĽS-HZDS,382
,,
Volebný obvod č. 4,,
 , , 
Iveta Babičová,"KDH,SDKÚ - DS","1,929"
Jozef Bolješik,"KDH,SDKÚ - DS","1,595"
Ivan Borovský,NEKA,"1,516"
Remo Cicutto,NEKA,"2,007"
Jozef Dragula,"KDH,SDKÚ - DS",968
Jozef Drahovský,NEKA,"1,701"
Milan Gajdoš,SMER - SD,"1,534"
Marián Gula,"KDH,SDKÚ - DS","1,141"
Ján Horváth,SMER - SD,"1,238"
Ján Jánoška,NEKA,"1,107"
Eva Kolláriková,SMER - SD,"1,536"
Magdaléna Kuciaňová,SNS,628
Gilbert Liška,ND,664
Jozef Maceka,"SaS,OKS",422
Milan Máček,SMER - SD,"1,068"
Jozef Malík,NEKA,"1,573"
Alica Miklášová,NEKA,"1,154"
Peter Ottinger,"KDH,SDKÚ - DS","1,611"
Marián Ručkay,ĽS-HZDS,536
František Tahotný,ND,520
Miloš Tamajka,SMER - SD,"2,435"
,,
Volebný obvod č. 5,,
 , , 
Jaroslav Barcaj,SNS,965
Vladimír Bízek,"KDH,SDKÚ - DS","1,498"
Richard Čižmár,NOVA,619
Martin Čulen,SZS,"1,248"
Michal Dudaš,NOVA,499
Jozef Fábik,MOST - HÍD,320
Jozef Hladík,"KDH,SDKÚ - DS","1,445"
Pavel Jankovič,ND,421
Ján Kovár,SMER - SD,"1,551"
Vladimír Jan Kružík,KDS,515
Martin Lidaj,SMER - SD,"1,601"
Štefan Mikula,NEKA,"1,380"
Ľubomír Parízek,NEKA,"1,815"
Lukáš Piroha,"KDH,SDKÚ - DS","1,190"
Peter Priwitzer,"KDH,SDKÚ - DS",770
Radovan Prstek,SMER - SD,"1,728"
Roman Sova,"KDH,SDKÚ - DS","1,670"
Štefan Šimkovič,NEKA,"1,146"
Ján Záhončík,SNS,736
,,
Volebný obvod č. 6,,
 , , 
Zdenko Čambal,NEKA,"3,180"
Jozef Hazlinger,SMER - SD,"3,071"
Vladimír Horák,"KDH,SDKÚ - DS",813
Stanislav Chovanec,SMER - SD,"3,606"
Miroslav Jureňa,SNS,902
Radoslav Kalný,MOST - HÍD,107
Eduard Majerský,ND,219
Branislav Mikitka,NÁŠ KRAJ,270
Viera Mikulášiková,ND,279
Tomáš Mikúš,NOVA,"2,189"
Emília Nádlerová,SNS,294
Pavol Nemec,7 STATOČNÝCH,644
Jaroslav Studený,KSS,166
Lukáš Tisoň,"KDH,SDKÚ - DS","2,255"
Daniel Vidovič,"KDH,SDKÚ - DS","1,587"
Tomáš Zboril,NOVA,523
,,
Volebný obvod č. 7,,
 , , 
Ľubomír Antal,SMER - SD,"4,015"
Natália Blahová,"SaS,OKS","1,891"
Štefan Bošnák,"KDH,SDKÚ - DS","4,465"
Bianka Branišová,SMS,"1,151"
Vladimír Butko,"KDH,SDKÚ - DS","4,782"
Ivan Dudáš,NOVA,"1,887"
Pavel Ďurko,NOVA,"2,188"
Marta Gubrická,SMER - SD,"3,718"
Augustín Hambálek,SMER - SD,"4,059"
Martin Heriban,"KDH,SDKÚ - DS","3,577"
Silvia Hojerová,SMER - SD,"3,583"
Bohumil Chmelík,"KDH,SDKÚ - DS","3,029"
Radomír Jaček,PD,612
Ivan Jakabovič,NP,645
Katarína Jelačičová,SMER - SD,"3,810"
Ján Jobb,"KDH,SDKÚ - DS","2,076"
Jozef Klokner,NEKA,"3,358"
Jozef Kozoň,NEKA,"2,592"
Blažena Královičová,"KDH,SDKÚ - DS","2,860"
Miloš Krištofík,SMER - SD,"3,056"
Štefan Krištofík,ĽS-HZDS,"2,052"
Lucia Kröllerová,SMS,705
Marek Krupa,"SaS,OKS",884
Dušan Lamoš-Feré,SMS,492
Lenka Lopašovská,SMS,850
Vladimír Maček,NOVA,"1,998"
Rastislav Mráz,"KDH,SDKÚ - DS","2,972"
Pavel Olah,KSS,696
Jozef Pikna,"KDH,SDKÚ - DS","2,985"
Jozef Pobiecký,"KDH,SDKÚ - DS","3,806"
Martin Polák,SNS,833
Filip Rendoš,SNS,628
Andrej Richnák,NP,"1,116"
Ladislav Roman,NEKA,"1,393"
Zuzana Ryšková,"SaS,OKS","1,107"
Mikuláš Santner,NOVA,"1,121"
Ján Skukálek,ND,578
Bystrík Stanko,SMER - SD,"3,958"
Jozef Šandor,SRK,259
Matej Šrubař,"SaS,OKS",668
Slavomír Tatranský,SNS,623
Kvetoslava Tibenská,SMER - SD,"3,496"
Lenka Trnková,SMS,668
Marián Viskupič,"SaS,OKS","1,590"
Karol Zachar,SMER - SD,"3,330"
Eva Zatková,ĽS-HZDS,"1,858"
Stanislav Žigmund,SRK,263
,,
Trenčiansky kraj,,
,,
Volebný obvod č. 1,,
 , , 
Peter Bulík,NEKA,"1,029"
Milan Došek,SMER - SD,927
Mária Hajšová,SMER - SD,"1,720"
Dávid Holý,"KDH,OKS,SaS,NOVA,MOST - HÍD,SDKÚ - DS",680
Emília Hudecová,ĽS-HZDS,328
Marián Chovanec,NEKA,"1,235"
Vladimír Kaniarik,KSS,193
Ladislav Kšiňan,"KDH,OKS,SaS,NOVA,MOST - HÍD,SDKÚ - DS","1,060"
Zuzana  Máčeková,NEKA,"2,046"
Richard Makýš,SMER - SD,914
Mária Mäsiarová,PaS,138
Martin Mikuš,SNS,177
Patrik Niko,SNS,153
Rudolfa Novotná,NEKA,"1,486"
Milan Strempek,NEKA,336
Milan Šebeň,KSS,382
Stanislav Šiko,KSS,300
Štefan Tretinár,SNS,147
Stanislav Vavro,NEKA,468
,,
Volebný obvod č. 2,,
 , , 
Marián Antal,NEKA,976
Pavol Bagin,SMER - SD,"2,059"
Anton Barták,MS,709
Štefan Bednárik,SNS,279
Katarína Bližnáková,SF,698
Eva Bočincová,"KDH,OKS,SaS,NOVA,MOST - HÍD,SDKÚ - DS","2,158"
Radomír Brtáň,"Zmena zdola, DÚ","1,018"
Viliam Cíbik,NEKA,"2,001"
Rastislav Čepák,SMER - SD,"1,944"
Štefan Daško,NEKA,"1,246"
Martin Fabuš,KSS,578
Anton Fabuš,SMER - SD,"1,974"
Jozef Gašparík,NEKA,"1,618"
Peter Hajdúch,SNS,574
Juraj Hort,"KDH,OKS,SaS,NOVA,MOST - HÍD,SDKÚ - DS","2,102"
Peter Hutyra,SNS,303
Anna Chalupková,NEKA,886
Pavol Janík,SNS,299
Edmund Kmeco,NEKA,307
Tibor Kramár,"KDH,OKS,SaS,NOVA,MOST - HÍD,SDKÚ - DS",686
Peter Marušinec,SMER - SD,"2,135"
Peter Perichta,"KDH,OKS,SaS,NOVA,MOST - HÍD,SDKÚ - DS","1,123"
Robert Rafaj,SMER - SD,"1,635"
Rastislav Smolka,ĽS Naše Slovensko,214
Emil Suchánek,NEKA,"1,658"
Ľubomír Sýkora,SNS,221
Ján Šatka,"KDH,OKS,SaS,NOVA,MOST - HÍD,SDKÚ - DS","1,616"
Tomáš Zemko,ĽS-HZDS,442
,,
Volebný obvod č. 3,,
 , , 
Anna Abramovičová,NEKA,"1,267"
Miroslav Baranovič,ĽS-HZDS,195
Roman Černák,SMER - SD,155
Martin Ferianec,"KDH,OKS,SaS,NOVA,MOST - HÍD,SDKÚ - DS",237
Pavel Halabrín,NEKA,"1,544"
Štefan Klimek,SNS,101
Emília Krajčiová,NEKA,703
Róbert Oružinský,"Zmena zdola, DÚ",116
Vladislav Petráš,SMER - SD,901
Ivana Rapantová,"KDH,OKS,SaS,NOVA,MOST - HÍD,SDKÚ - DS",277
Ján Sedílek,KSS,66
Radoslav Sivák,SNS,78
,,
Volebný obvod č. 4,,
 , , 
Radovan Ammer,ĽS-HZDS,"1,013"
Stanislav Baláž,KSS,469
Dušan Bezák,"KDH,OKS,SaS,NOVA,MOST - HÍD,SDKÚ - DS","1,391"
Ján Bielik,"KDH,OKS,SaS,NOVA,MOST - HÍD,SDKÚ - DS","2,552"
Ján Blaško,KSS,591
Dušan Bublavý,SMER - SD,"2,805"
Daniel Cibulka,SNS,447
Noman Ehsan,SMER - SD,"1,754"
Vladimír Fraňo,SNS,996
Juraj Gavač,"KDH,OKS,SaS,NOVA,MOST - HÍD,SDKÚ - DS","1,673"
Anna Halinárová,SMER - SD,"2,230"
Kvetoslava Hejbalová,SMER - SD,"1,943"
Katarína Juríková,SNS,387
Alexander Koreň,ĽS-HZDS,601
Ľuboš Masár,SNS,391
Marián Mora,ĽS-HZDS,"1,265"
Katarína Okrucká,KSS,357
Katarína Pagáčová,NEKA,"1,020"
Radoslav Rojko,SNS,518
Jozef Trstenský,SMER - SD,"3,292"
Marcel Urban,ĽS Naše Slovensko,207
Viera Vienerová,ĽS-HZDS,"1,439"
Blažena Žákovicová,KSS,482
,,
Volebný obvod č. 5,,
 , , 
Jozef Božik,SMER - SD,"4,266"
Jarmila Cibulková,ĽS-HZDS,307
Erich Dvonč,SMER - SD,"1,860"
Mária Hazuchová,NEKA,"1,477"
Drahomír Hrkal,SNS,151
Mária Janíková,SMER - SD,"1,682"
Anton Kmeť,KSS,296
Milan Krošlák,KSS,434
Ján Kundlák,KSS,255
Vladislav Laššák,"Zmena zdola, DÚ",93
Jozef Liday,"KDH,OKS,SaS,NOVA,MOST - HÍD,SDKÚ - DS",734
Tomáš Merašický,"KDH,OKS,SaS,NOVA,MOST - HÍD,SDKÚ - DS","1,316"
Branislav Michna,NEKA,"1,039"
Marián Mudrík,NEKA,783
Marek Oršula,SNS,233
Štefan Piaček,ĽS Naše Slovensko,199
Iveta Randziaková,SMER - SD,"2,254"
Anton Stanko,"KDH,OKS,SaS,NOVA,MOST - HÍD,SDKÚ - DS","1,263"
Slavka Súlovská,NEKA,"1,371"
Jaroslav Šarina,KSS,214
Jozef Tomáš,"KDH,OKS,SaS,NOVA,MOST - HÍD,SDKÚ - DS",617
Michal Valach,ĽS-HZDS,422
Andrej Vaňo,SNS,228
Ľubomír Vožňak,SNS,92
Marián Zima,ND,128
,,
Volebný obvod č. 6,,
 , , 
Ľuboš Bačík,KSS,526
Milada Belásová,SNS,680
Katarína Beranová,NEKA,713
Miroslav Biel,ĽS-HZDS,174
Danuta Cingelová,ĽS-HZDS,313
Jozef Fuček,KSS,460
Ján Fusko,ĽS-HZDS,368
Anna Grbalová,SNS,174
Anna Hoštáková,ĽS-HZDS,774
Jaroslav Hrablík,"KDH,OKS,SaS,NOVA,MOST - HÍD,SDKÚ - DS",566
Štefan Hrenák,"KDH,OKS,SaS,NOVA,MOST - HÍD,SDKÚ - DS","1,082"
Miroslav Jágrik,SNS,384
Karol Janas,SMER - SD,"2,835"
Matúš Janek,SNS,264
Mário Jánošík,NEKA,246
Roman Jaroš,NEKA,758
Pavol Jurčík,NEKA,989
Rudolf Karas,NEKA,"1,586"
Táňa Kňažková,NEKA,"1,731"
Anton Lagíň,NEKA,"1,012"
Miroslav Magdech,SNS,279
Peter Máťoš,"KDH,OKS,SaS,NOVA,MOST - HÍD,SDKÚ - DS","1,533"
František Matušík,NEKA,"1,998"
Martin Mikula,KSS,286
Anna Ondrišíková,ĽS-HZDS,357
Milan Oršula,"KDH,OKS,SaS,NOVA,MOST - HÍD,SDKÚ - DS",470
Iveta Pospíšilová,"KDH,OKS,SaS,NOVA,MOST - HÍD,SDKÚ - DS",845
Marta Slámková,NEKA,634
Jozef Smatana,SMER - SD,"1,881"
Juraj Smatana,"Zmena zdola, DÚ","2,624"
Jozef Sovík,NEKA,"1,473"
Igor Steiner,SMER - SD,"2,595"
Štefan Šaradín,NEKA,827
Richard Šeliga,NEKA,253
Roman Španihel,SMER - SD,"1,301"
Michal Ušiak,SMER - SD,"1,915"
Viera Zboranová,NEKA,"2,124"
,,
Volebný obvod č. 7,,
 , , 
Jozef Balčirák,NEKA,"2,339"
Vojtech  Bartoš,NEKA,"1,299"
Ján Belanský,NEKA,"2,767"
Viera Beňová,NEKA,"1,665"
Ján Bodnár,SMER - SD,"2,976"
Boris Borovica,SNS,500
Milan Bureš,KSS,548
Vladimír Buzalka,NEKA,914
Ján Cipov,SMER - SD,"4,039"
Miloš Cúcik,NEKA,"1,233"
Jana Červienková,NEKA,784
Vojtech Čičmanec,NEKA,"2,505"
Helena Dadíková,NEKA,"1,948"
Marek Daniš,ĽS-HZDS,532
Jaroslav Daniš,DOST,211
Milan Dérer,"KDH,OKS,SaS,NOVA,MOST - HÍD,SDKÚ - DS","2,559"
Emil Divéky,SNS,888
Ján Dobrovodský,NEKA,887
Vladimíra Ďuračková,NEKA,"1,309"
Dušan Ďuriš,SMER - SD,"2,695"
Róbert Frimmel,NEKA,"1,205"
Štefan Gaman,SMER - SD,"3,735"
Patrícia Grófová,NEKA,587
Jaroslav Hanzel,NEKA,"1,411"
Róbert Hekl,"KDH,OKS,SaS,NOVA,MOST - HÍD,SDKÚ - DS","1,281"
Mohamed Hemza,SMER - SD,"4,034"
Roman Hlaváč,NEKA,981
Ivana Hromádková,"KDH,OKS,SaS,NOVA,MOST - HÍD,SDKÚ - DS","2,319"
Peter Juríček,NEKA,"1,976"
Petra Kobetičová,NEKA,"1,030"
Tomáš Kozák,"KDH,OKS,SaS,NOVA,MOST - HÍD,SDKÚ - DS","1,915"
Viliam Kurbel,NEKA,"2,224"
Zuzana Kútna,SMS,481
Augustín Jozef Lang,SNS,351
Martin Lukačovič,SMER - SD,"2,511"
Mária Luprichová,SNS,706
Katarína Macháčková,NEKA,"5,587"
Viera Masaryková,NEKA,507
Ľuboš Maxina,NEKA,"1,958"
Dana Melišková,NEKA,"2,548"
Jozef Meluš,NEKA,865
Marek Michalovič,NEKA,779
Marián Mikula,KSS,831
Štefan Mjartan,SMER - SD,"3,405"
Ján Mokrý,SNS,770
Branislav Ondruška,SNS,718
Vladimír Petráš,SNS,"1,029"
Andrej Plachý,KSS,498
Eleonóra Porubcová,"KDH,OKS,SaS,NOVA,MOST - HÍD,SDKÚ - DS","3,517"
Miroslav Samiec,KSS,795
Silvia Siváková Nemcová,"KDH,OKS,SaS,NOVA,MOST - HÍD,SDKÚ - DS","1,659"
Jozef Stopka,SMER - SD,"5,306"
Adriána Svitková,SMS,624
Dušan Šimka,NEKA,"2,847"
Gabriel Šimko,"KDH,OKS,SaS,NOVA,MOST - HÍD,SDKÚ - DS","2,593"
Jozef Škadra,SNS,476
Štefan Škríp,SNS,775
Anton Špeťko,NEKA,"1,257"
Róbert Štrbák,ĽS-HZDS,392
Richard Takáč,SMER - SD,"3,054"
František Tám,SMER - SD,"3,599"
Anton Turčan,KSS,842
Miroslav Valach,KSS,584
Ivan Vaňo,"KDH,OKS,SaS,NOVA,MOST - HÍD,SDKÚ - DS","1,644"
Jozef Vážny,ĽS-HZDS,646
Ľudovít Vojtko,SNS,898
Jozef Vrábeľ,NEKA,"1,203"
Anna Záborská,"KDH,OKS,SaS,NOVA,MOST - HÍD,SDKÚ - DS","2,538"
Jozef Zubák,DOST,270
Miroslav Žiak,"KDH,OKS,SaS,NOVA,MOST - HÍD,SDKÚ - DS","2,417"
,,
Volebný obvod č. 8,,
 , , 
Milan Adamička,SNS,616
Viliam Gerbel,NEKA,956
Alena Hantáková,KSS,442
Jozef Hollan,SMER - SD,"1,135"
Roman Hudec,KSS,369
Rastislav Kočka,SNS,351
Ferdinand Kováč,"KDH,OKS,SaS,NOVA,MOST - HÍD,SDKÚ - DS",874
Peter Kováč,SMS,287
Miroslav Kubičár,NEKA,"1,811"
Marián Michalec,NEKA,"1,899"
Anton Novosád,SNS,506
Milan Panáček,SMER - SD,"2,140"
Ján Prekop,SMER - SD,"1,704"
Lukáš Ranik,"KDH,OKS,SaS,NOVA,MOST - HÍD,SDKÚ - DS",997
Peter Regina,ĽS-HZDS,"1,371"
Zuzana Tomášová,"KDH,OKS,SaS,NOVA,MOST - HÍD,SDKÚ - DS","1,116"
,,
Volebný obvod č. 9,,
 , , 
Martin Adamec,NEKA,"2,017"
Miloslav Baco,NEKA,"1,075"
Juraj Bakoš,"KDH,OKS,SaS,NOVA,MOST - HÍD,SDKÚ - DS","2,060"
Martin Barčák,NEKA,"1,984"
Tomáš Bečár,NEKA,"1,272"
Daniel Beníček,SMER - SD,"1,775"
Martina Beňovičová,NEKA,775
Milan Berec,SMER - SD,"2,649"
Anton Beták,NEKA,"1,137"
Danica Birošová,NEKA,"1,846"
Marta Blahová,ĽS-HZDS,589
Milan Blaško,SNS,665
Peter Brázda,SNS,488
Patrik Burian,NEKA,"1,192"
Ondrej Čapák,SNS,458
Eva Červeňanová,NEKA,"1,106"
Martin Dohál,NEKA,858
Drahomír Drozd,ĽS-HZDS,583
Lenka Ďurechová,KSS,592
Ľubomír Dvorský,NEKA,760
Janka Fabová,Paliho Kapurková,564
Eduard Hartmann,SNS,"1,347"
Miroslav Hlinka,SMER - SD,"2,180"
Peter Hlucháň,NEKA,771
Ján Hradský,NEKA,694
Jozef Hrdlička,KSS,"1,030"
Peter Hudec,KSS,497
Martin Chlapík,SNS,510
Ľuboš Chochlík,"KDH,OKS,SaS,NOVA,MOST - HÍD,SDKÚ - DS","2,394"
Jaroslav Jambor,NEKA,"1,371"
Tibor Jankovský,SMER - SD,"3,003"
Ján Kanaba,NEKA,"1,823"
Renáta Kaščáková,"KDH,OKS,SaS,NOVA,MOST - HÍD,SDKÚ - DS","4,018"
Milan Kebísek,NEKA,800
Martina Kebísková,NEKA,672
Miroslav Kopčan,NEKA,841
Emil Košút,SMER - SD,"1,879"
Juraj Kotleba,SNS,609
Iveta Kováčiková,SMER - SD,"1,393"
Ľuboslav Krasňan,NaS - ns,153
Ján Krátky,"KDH,OKS,SaS,NOVA,MOST - HÍD,SDKÚ - DS","2,626"
Jozef Kristín,ĽS-HZDS,689
Michal Križan,NEKA,"1,099"
Leo Kužela,NEKA,"1,552"
Róbert Lifka,Paliho Kapurková,"1,233"
Juraj Maláň,"KDH,OKS,SaS,NOVA,MOST - HÍD,SDKÚ - DS","2,015"
Gabriel Martiška,ĽS-HZDS,534
Adela Maxonová,"KDH,OKS,SaS,NOVA,MOST - HÍD,SDKÚ - DS","2,017"
Valika Meravá,KSS,633
Vladimír Mojto,NEKA,"1,015"
Juraj Ondračka,SMER - SD,"2,438"
Peter Palko,KSS,"1,192"
Stanislav Pastva,SMER - SD,"2,201"
Jaroslav Ridoško,SNS,"1,726"
Pavol Suško,KSS,410
Marta Šajbidorová,NEKA,"1,139"
Iveta Šipošová,KSS,415
Štefan Škultéty,"KDH,OKS,SaS,NOVA,MOST - HÍD,SDKÚ - DS","2,242"
Jaroslav Šmíd,NEKA,554
Lucia Štefancová,NEKA,927
Ľubomír Štefánik,NEKA,669
Juraj Štepnička,SNS,208
Dušan Štrauss,NaS - ns,387
Alojz Švajda,NEKA,"1,128"
Ľubomír Tunega,NEKA,999
Václav Vacula,99%,158
Tomáš Vaňo,NEKA,"2,937"
Miroslav Zámečník,KSS,397
Ľubomír Žabár,NEKA,"1,888"
Patrik Žák,"KDH,OKS,SaS,NOVA,MOST - HÍD,SDKÚ - DS","2,125"
,,
Nitriansky kraj,,
,,
Volebný obvod č. 1,,
 , , 
Miroslav Adamik,NEKA,"1,476"
György Batta,NEKA,"1,953"
Norbert Becse,SMK-MKP,"4,330"
Mária Csákiová,MS,434
Lívia Csíková,MS,274
Lajos Csóka,"MOST - HÍD,SDKÚ - DS,SaS,OKS,NOVA","3,438"
Rudolf Čerňanský,"MOST - HÍD,SDKÚ - DS,SaS,OKS,NOVA","2,742"
Robert Dick,MS,499
Csaba Földes,SMK-MKP,"5,163"
Peter Getler,SMS,894
Konštantín Glič,"SMER - SD,KDH","1,628"
Tihamér Gyarmati,SMK-MKP,"4,195"
Éva Hortai,"MOST - HÍD,SDKÚ - DS,SaS,OKS,NOVA","3,777"
Árpád Horváth,SMK-MKP,"5,532"
Jozef Jobbágy,"MOST - HÍD,SDKÚ - DS,SaS,OKS,NOVA","4,377"
Karel Krejčí,KSS,412
Štefan Kucsera,"MOST - HÍD,SDKÚ - DS,SaS,OKS,NOVA","1,803"
Milan Lehocký,NEKA,961
Károly Less,NEKA,896
Anton Marek,NEKA,"3,256"
Tibor Mayer,NEKA,790
Milan Opálka,KSS,819
Attila Petheő,SMK-MKP,"4,954"
Jozef Petráš,KSS,448
Ján Pikor,NEKA,591
Tamara Podmanická,SMS,949
Zsolt Sebö,"MOST - HÍD,SDKÚ - DS,SaS,OKS,NOVA","3,876"
László Stubendek,SMK-MKP,"5,368"
Olga Szabó,SMK-MKP,"5,131"
Gabriel Szalay,"MOST - HÍD,SDKÚ - DS,SaS,OKS,NOVA","2,102"
Rozália Szalay,SMK-MKP,"4,012"
Pavol Tausk,KSS,473
Ladislav Tóth,KSS,367
Dušan Tulpík,ĽS-HZDS,467
Tamás Varga,"MOST - HÍD,SDKÚ - DS,SaS,OKS,NOVA","3,424"
Anna Žigová,"SMER - SD,KDH","1,695"
,,
Volebný obvod č. 2,,
 , , 
Alexander Bačík,"SMER - SD,KDH","4,340"
Štefan Baniar,SNS,"1,761"
Martin Bátovský,SNS,"2,348"
Gabriel Biric,KSS,512
Jozef Bóna,KSS,626
Juraj Braun,"MOST - HÍD,SDKÚ - DS,SaS,OKS,NOVA","2,912"
Mária Brnáková,"MOST - HÍD,SDKÚ - DS,SaS,OKS,NOVA","1,926"
Tibor Csenger,SMK-MKP,"3,163"
Zita Cseri,NEKA,"2,933"
Róbert Csudai,"MOST - HÍD,SDKÚ - DS,SaS,OKS,NOVA","2,674"
Alena Frtúsová,"SMER - SD,KDH","4,193"
Jozef Gyurkovics,"MOST - HÍD,SDKÚ - DS,SaS,OKS,NOVA","2,681"
Ján Hamar,KSS,835
Anikó Helység,"MOST - HÍD,SDKÚ - DS,SaS,OKS,NOVA","2,593"
František Horváth,"MOST - HÍD,SDKÚ - DS,SaS,OKS,NOVA","2,300"
Jaroslav Ivan,"SMER - SD,KDH","3,046"
Ján Janáč,"SMER - SD,KDH","3,711"
Rastislav Juhár,"SMER - SD,KDH","2,763"
Beáta Kiss,SMK-MKP,"2,918"
Jiří Klain,KSS,410
Lenka Kluchová,"MOST - HÍD,SDKÚ - DS,SaS,OKS,NOVA","2,267"
Soňa Kocková,"MOST - HÍD,SDKÚ - DS,SaS,OKS,NOVA","2,207"
Peter Köpöncei,SMK-MKP,"2,910"
Imrich Králik,ĽS-HZDS,"2,807"
Jozef Kubala,SNS,"1,336"
Peter Laczko,KSS,422
Ľubomír Lőrincz,"SMER - SD,KDH","2,457"
Tamás Lőrincz,SMK-MKP,"2,855"
Hedviga Makovínyiová,NEKA,"1,281"
Ladislav Mészáros,KSS,405
Michal Molnár,KSS,630
Emília Nichtová,"SMER - SD,KDH","3,922"
Dezső Pálffy,SMK-MKP,"2,852"
Helena Rosíková,NP,473
Ivana Rosíková,NP,527
Jozef Rosipal,ĽS-HZDS,"1,065"
Oľga Szalmová,NEKA,"1,695"
Roman Tóth,"MOST - HÍD,SDKÚ - DS,SaS,OKS,NOVA","1,450"
Igor Varga,"SMER - SD,KDH","3,648"
Ladislav Vörös,KSS,485
Miloš Zaujec,"SMER - SD,KDH","3,908"
,,
Volebný obvod č. 3,,
 , , 
Eva Antošová,SNS,"3,014"
Róbert Bakyta,"SMER - SD,KDH","5,584"
Róbert Balkó,SMK-MKP,"1,365"
Vladislav Borík,SOĽ,755
Jaroslav Burda,NÁŠ KRAJ,756
Juraj Buzinkai,"SMER - SD,KDH","4,641"
Milena Candráková,KSS,899
Anna Čagalová,SNS,"1,440"
Jozef Čapla,SNS,"1,557"
Martin Darnady,"Zmena zdola, DÚ",855
Pavol Dávid,SMS,"1,071"
Miloš Dovičovič,"MOST - HÍD,SDKÚ - DS,SaS,OKS,NOVA","4,148"
Lýdia Forrová,ĽS-HZDS,"2,136"
Oľga Froncová,SNS,"1,387"
Juraj Gajdoš,SNS,"1,754"
Milan Greguš,SNS,"1,541"
Ján Greššo,"MOST - HÍD,SDKÚ - DS,SaS,OKS,NOVA","6,578"
Ivan Habiňák,SNS,"1,948"
Stanislav Hamar,SNS,"1,551"
Miloslav Hatala,"SMER - SD,KDH","5,505"
Miloslav Horka,SNS,"1,615"
Juraj Horváth,"SMER - SD,KDH","5,153"
Milan Chalachan,SMS,"1,023"
Mária Jaleczová,"MOST - HÍD,SDKÚ - DS,SaS,OKS,NOVA","2,638"
Dušan Janek,KSS,839
Ján Kecskés,ĽS Naše Slovensko,620
Renáta Kolenčíková,"SMER - SD,KDH","6,045"
Eduard Kolesár,ASV,957
Ján Kollár,KSS,588
Stanislav Kováč,"Zmena zdola, DÚ","1,101"
Helena Kováčová,"SMER - SD,KDH","6,078"
Ján Kovarčík,ĽS-HZDS,"1,645"
Miloslav Krajčík,"SMER - SD,KDH","4,633"
Norbert Kročan,"SMER - SD,KDH","3,868"
Vladimír Lauko,SNS,"1,403"
Pavol Leštinský,KSS,548
Jaroslav Lopata,KSS,448
Jaroslav Lörinčík,KSS,304
Miroslav Martinec,ĽS-HZDS,668
Ivana Matušková,SMS,923
Pavol Meňky,"SMER - SD,KDH","5,172"
Stanislav Michalík,"MOST - HÍD,SDKÚ - DS,SaS,OKS,NOVA","2,598"
Ivan Michna,"MOST - HÍD,SDKÚ - DS,SaS,OKS,NOVA","3,041"
Marta Miklošková,KDS,"1,853"
Martin Mikuláš,SNS,"1,472"
Viliam Mokraň,KĽS,453
Juraj Moravčík,"MOST - HÍD,SDKÚ - DS,SaS,OKS,NOVA","2,544"
Martin Nemky,"SMER - SD,KDH","4,805"
Ondrej Ňorba,KSS,476
Peter Oremus,NEKA,"5,623"
Pavol Otepka,ASV,"1,168"
Oľga Otrasová,KSS,614
Radoslav Pavelka,"MOST - HÍD,SDKÚ - DS,SaS,OKS,NOVA","2,125"
Marcel Polička,"SMER - SD,KDH","3,638"
Ladislav Prešinský,NEKA,"3,170"
Marián Radošovský,"SMER - SD,KDH","5,252"
Andrea Samková,KĽS,567
Miloslav Slováčik,NaS - ns,446
Lenka Slováčiková,NaS - ns,566
Rozália Somorčíková,SMK-MKP,591
Peter Spišiak,NaS - ns,604
Ladislav Stodola,"MOST - HÍD,SDKÚ - DS,SaS,OKS,NOVA","2,644"
Miroslav Šín,"Zmena zdola, DÚ",508
Jozef Šiška,KSS,662
Anna Šmehilová,"MOST - HÍD,SDKÚ - DS,SaS,OKS,NOVA","3,957"
Vladimír Špánik,"MOST - HÍD,SDKÚ - DS,SaS,OKS,NOVA","1,795"
Miroslav Timko,KSS,735
Tibor Tóth,"MOST - HÍD,SDKÚ - DS,SaS,OKS,NOVA","4,341"
Juraj Uhrín,SĽS,608
Štefan Valašek,"MOST - HÍD,SDKÚ - DS,SaS,OKS,NOVA","2,234"
Ján Vančo,"SMER - SD,KDH","6,636"
Jozef Weber,"MOST - HÍD,SDKÚ - DS,SaS,OKS,NOVA","3,754"
Anton Žikla,KSS,"1,055"
,,
Volebný obvod č. 4,,
 , , 
Michal Alemayehu,7 STATOČNÝCH,657
Renáta Baloghová,PD,419
Martin Barta,PD,560
János Bób,SMK-MKP,"2,895"
Helena Bohátová,"SMER - SD,KDH","5,636"
Bertalan Bóna,"MOST - HÍD,SDKÚ - DS,SaS,OKS,NOVA","2,975"
Karol Borik,"MOST - HÍD,SDKÚ - DS,SaS,OKS,NOVA","2,370"
Tibor Dobai,SMK-MKP,"2,446"
Ján Garai,PD,262
Rudolf Hlavatý,MS,898
Ľuboš Ivan,NEKA,"1,761"
Karin Jaššová,"SMER - SD,KDH","5,360"
Jozef Kálazi,"MOST - HÍD,SDKÚ - DS,SaS,OKS,NOVA","2,017"
Peter Kijaček,"MOST - HÍD,SDKÚ - DS,SaS,OKS,NOVA","1,260"
Otokar Klein,NEKA,"2,963"
Dušan Kollár,"SMER - SD,KDH","4,895"
Ján Kováč,"MOST - HÍD,SDKÚ - DS,SaS,OKS,NOVA","1,429"
Ladislav Marenčák,"SMER - SD,KDH","5,840"
Lucia Matejková,SMS,556
Tibor Matuška,"SMER - SD,KDH","5,179"
Péter Nagy,SMK-MKP,"3,030"
Tibor Nagy,SMK-MKP,"2,761"
Tünde Némethová,PD,315
Marek Oremus,"SMER - SD,KDH","6,134"
Eva Polerecká,"MOST - HÍD,SDKÚ - DS,SaS,OKS,NOVA","2,284"
Igor Sádovský,"SMER - SD,KDH","5,272"
Eva Smolíková,SNS,"1,682"
Lenka Szegenyová,KSS,403
Juraj Šimunek,"SMER - SD,KDH","4,982"
Ján Štark,NEKA,"2,192"
Marián Tóth,"MOST - HÍD,SDKÚ - DS,SaS,OKS,NOVA","2,558"
Štefan Tóth,"MOST - HÍD,SDKÚ - DS,SaS,OKS,NOVA","2,273"
Ján Volf,SNS,"1,855"
,,
Volebný obvod č. 5,,
 , , 
Martin Alföldi,"MOST - HÍD,SDKÚ - DS,SaS,OKS,NOVA","2,402"
Róbert Andráši,NEKA,"1,353"
Zsolt Baranyay,SMK-MKP,"2,004"
Regan Belovič,7 STATOČNÝCH,656
Ferenc Bergendi,"MOST - HÍD,SDKÚ - DS,SaS,OKS,NOVA","1,418"
Gyula Borsányi,SMK-MKP,"2,263"
František Botka,SMK-MKP,"1,860"
Alžbeta Botorčeová,"SMER - SD,KDH","1,695"
Daša Danadová,NP,397
Daša Danadová,NP,486
Ladislav Gáll,"MOST - HÍD,SDKÚ - DS,SaS,OKS,NOVA","1,641"
Peter Gomboš,"SMER - SD,KDH","1,554"
Peter Hlavatý,"SMER - SD,KDH","1,448"
Štefan Jancsó,SMK-MKP,"1,922"
František Mrázik,"SMER - SD,KDH","1,526"
František Ondrušek,"MOST - HÍD,SDKÚ - DS,SaS,OKS,NOVA","1,495"
Roman Ruhig,NP,189
Ján Tóth,ĽS Naše Slovensko,276
Elena Trégerová,SNS,458
,,
Volebný obvod č. 6,,
 , , 
Ondrej Beňuš,"SMER - SD,KDH",564
Eva Čákvári,"MOST - HÍD,SDKÚ - DS,SaS,OKS,NOVA","1,885"
Iván Farkas,SMK-MKP,"4,653"
Alexander Hubač,"MOST - HÍD,SDKÚ - DS,SaS,OKS,NOVA","1,805"
Imrich Hugyivár,SMK-MKP,"3,655"
László Szigeti,SMK-MKP,"4,418"
Andrea Vitkóová,"MOST - HÍD,SDKÚ - DS,SaS,OKS,NOVA","1,992"
,,
Volebný obvod č. 7,,
 , , 
Peter Baláž,"SMER - SD,KDH","4,540"
Jaroslav Blina,ĽS-HZDS,"1,258"
Ľubomír Bošanský,"SMER - SD,KDH","2,847"
Jozef Bošanský,KSS,"1,102"
Jaroslav Božik,SNS,"2,260"
Karol Gerhát,NEKA,"3,119"
Pavol Goga,"SMER - SD,KDH","3,232"
Pavol Herák,PD,413
Pavol Hlista,"MOST - HÍD,SDKÚ - DS,SaS,OKS,NOVA","1,062"
Ivan Holko,"MOST - HÍD,SDKÚ - DS,SaS,OKS,NOVA",806
Rastislav Kňaze,"MOST - HÍD,SDKÚ - DS,SaS,OKS,NOVA","1,208"
Marta Kolková,"MOST - HÍD,SDKÚ - DS,SaS,OKS,NOVA","1,333"
Alojz Kovačík,KSS,484
Janka Krahulíková,"SMER - SD,KDH","2,521"
Eduárd Kunkel,KSS,484
Karol Matušík,KSS,386
Žaneta Páleníková,"SMER - SD,KDH","2,427"
Mária Prokešová,SĽS,522
Alexander Riabov,99%,814
Pavel Ryban,KSS,408
Juraj Soboňa,SNS,"2,570"
Ivan Vavro,"MOST - HÍD,SDKÚ - DS,SaS,OKS,NOVA",597
Karol Zaťko,"SMER - SD,KDH","2,911"
,,
Volebný obvod č. 8,,
 , , 
Terézia Borčinová,NEKA,802
Milan Galaba,"SMER - SD,KDH","1,673"
Milan Garaj,NEKA,"1,197"
Klaudia Ivanovičová,NEKA,"1,083"
Rastislav Judin,"MOST - HÍD,SDKÚ - DS,SaS,OKS,NOVA",279
Štefan Jurík,ĽS Naše Slovensko,448
Marián Kéry,"SMER - SD,KDH","2,725"
Vladimír Klučiar,"SMER - SD,KDH","1,965"
Ivan Laktiš,ĽS-HZDS,262
Peter Lisý,DOST,747
Daniel Mandák,ĽS-HZDS,487
Marek Mikula,"MOST - HÍD,SDKÚ - DS,SaS,OKS,NOVA",232
Filip Minár,NEKA,409
Štefan Mladý,ĽS-HZDS,619
Serafína Ostrihoňová,NEKA,"2,532"
Pavol Petrovič,NEKA,750
Štefan Petrovič,KSS,212
Viliam Rumanko,SNS,673
Bohumír Šabík,NEKA,490
Juraj Šabík,NEKA,"1,107"
Peter Štepianský,NEKA,"1,493"
Štefan Valkovič,NEKA,"1,209"
Daniela Zlatňanská,"MOST - HÍD,SDKÚ - DS,SaS,OKS,NOVA",292
,,
Žilinský kraj,,
,,
Volebný obvod č. 1,,
 , , 
Roman Bryndziar,NEKA,633
Jozef Glonek,NEKA,524
Miloš Greguš,NEKA,913
František Lukačko,KSS,99
Matej Martovič,NaS - ns,152
Jozef Mičieta,SMER - SD,811
Miroslav Minárčik,SMER - SD,"1,493"
Peter Mozolík,NEKA,634
Roman Papánek,NEKA,608
Dušan Pinčík,SNS,838
Štefan Pucko,ĽS-HZDS,448
Vladimír Tvrdý,NEKA,555
Peter Weber,"KDH,SDKÚ - DS,SaS,MOST - HÍD","1,124"
Branislav Záhradník,KSS,187
,,
Volebný obvod č. 2,,
 , , 
Viera Belková,SNS,"2,100"
Jozef Cech,SMER - SD,"3,103"
Ladislav Čulman,SNS,899
Michal Duraj,"KDH,SDKÚ - DS,SaS,MOST - HÍD","1,116"
Róbert Gaboš,99%,365
Rastislav Gajdoš,KSS,432
Pavol Gomola,"KDH,SDKÚ - DS,SaS,MOST - HÍD","1,671"
Anton Gomola,ĽS-HZDS,410
Jozef Grapa,SMER - SD,"4,098"
Milan Gura,"NOVA,OKS","2,550"
Štefan Holeščák,ĽS-HZDS,"1,048"
Marta Holubová,"KDH,SDKÚ - DS,SaS,MOST - HÍD",925
Marian Chudej,KSS,434
Jana Janečková,ASV,452
Slávka Jarošíková,SĽS,515
Jozef Kajánek,KSS,442
Jozef Kanaba,SMER - SD,"2,393"
Martin Klimek,"KDH,SDKÚ - DS,SaS,MOST - HÍD","1,606"
Štefan Kompánek,99%,260
Ján Kožák,NEKA,"2,002"
František Kučák,NEKA,"2,166"
Slavomír Kupka,SNS,"1,039"
František Kužma,"KDH,SDKÚ - DS,SaS,MOST - HÍD","1,100"
Jozef Marec,ĽS-HZDS,"2,797"
Miroslav Mareček,SMER - SD,"1,931"
Miroslav Mariak,NEKA,886
Marián Masnica,SMER - SD,"2,536"
Milan Matlák,ĽS-HZDS,965
Martin Mravec,"KDH,SDKÚ - DS,SaS,MOST - HÍD","1,591"
Jozef Murín,KSS,665
Emil Orlovský,NP,314
Jozef Pajer,"KDH,SDKÚ - DS,SaS,MOST - HÍD","1,554"
Ján Podmanický,SMER - SD,"6,259"
Jozef Pohančeník,NEKA,"1,249"
Marta Priečková,NP,419
František Prívara,"KDH,SDKÚ - DS,SaS,MOST - HÍD","1,467"
Anna Purková,NP,344
Milan Rebroš,SMER - SD,"2,168"
Miroslav Rejda,ĽS-HZDS,"2,014"
Martin Šenfeld,NEKA,"2,576"
Andrea Šimurdová,ĽS-HZDS,"2,723"
Jaroslav Velička,SMER - SD,"3,322"
Jozef Vražel,ĽS-HZDS,"2,484"
,,
Volebný obvod č. 3,,
 , , 
Ján Beňuš,"KDH,SDKÚ - DS,SaS,MOST - HÍD","1,940"
Ľubomír Bláha,SMER - SD,"2,381"
Jozef Brtoš,SNS,405
Anton Bukna,NEKA,"2,127"
Miroslav Dráb,"KDH,SDKÚ - DS,SaS,MOST - HÍD",854
Pavol Heško,NEKA,"1,099"
Jozef Holdoš,SNS,618
Eva Horváthová,MS,688
Vladimír Hrivnák,"NOVA,OKS",791
Marianna Hvoľková,NP,303
Alexandra Juráková,ĽS-HZDS,179
Alexander Kováč,SMS,240
Zdenko Kubáň,"KDH,SDKÚ - DS,SaS,MOST - HÍD","1,427"
Matúš Mních,SMER - SD,"1,589"
Milan Németh,ĽS-HZDS,57
Ján Neznámy,SMER - SD,"2,112"
Jarmila Prílepková,NP,379
Andrej Villim,KSS,233
Ján Zelník,SNS,246
,,
Volebný obvod č. 4,,
 , , 
Stanislav Čavajda,NEKA,560
Marian Čuntala,NEKA,447
Anna Grigová,NEKA,450
Ľubomír Ježo,NEKA,863
Ján Ježo,KSS,232
Stanislav Kmec,SNS,598
Ivan Kocúr,NEKA,920
Štefan Kuba,NEKA,"1,010"
Stanislav Luhový,KSS,171
Vladimír Macášek,SMER - SD,"1,696"
Dušan Mičian,NEKA,"2,246"
Anna Mičianová,SMER - SD,"1,048"
Anton Mrmus,"KDH,SDKÚ - DS,SaS,MOST - HÍD",713
Peter Mrvečka,"KDH,SDKÚ - DS,SaS,MOST - HÍD",464
Ľudmila Mušková,ĽS-HZDS,"1,137"
Milan Očko,NEKA,905
Ivan Poláček,NEKA,"1,201"
Vavrín Randa,NEKA,956
Vladimír Škorvánek,SĽS,157
Ľubomír Šteiniger,"KDH,SDKÚ - DS,SaS,MOST - HÍD",698
Pavol Šutý,"NOVA,OKS",443
Pavel Švaňa,"NOVA,OKS",139
Ľudovít Vavro,NEKA,253
,,
Volebný obvod č. 5,,
 , , 
Rastislav Adamčák,"NOVA,OKS","1,111"
Miriam Adámková,ĽS-HZDS,656
Albert Albert,NEKA,589
Ladislav Andreánsky,SMER - SD,"3,320"
Ján Blcháč,SMER - SD,"5,001"
Štefan Bračok,99%,510
Miroslav Ďurica,ĽS Naše Slovensko,438
Ján Galvánek,SMER - SD,"2,387"
Vladimír Gejdoš,KSS,806
Erik Gemzický,SNS,"1,629"
Miroslav Ilavský,SNS,863
Ján Júda,KSS,404
Drahomír Krčmárek,NEKA,"1,398"
Michal Likavčan,SĽS,318
Peter Majdek,"KDH,SDKÚ - DS,SaS,MOST - HÍD","1,450"
Vlasta Mesárošová,EDS,641
Jozef Mojčák,"NOVA,OKS",715
Marek Nemec,SNS,"1,254"
Jozef Repaský,"KDH,SDKÚ - DS,SaS,MOST - HÍD","2,637"
Ladislav Sedlák,"KDH,SDKÚ - DS,SaS,MOST - HÍD","1,579"
Alexander Slafkovský,"KDH,SDKÚ - DS,SaS,MOST - HÍD","3,251"
Branislav Tréger,NEKA,"4,862"
Milan Trnovský,"KDH,SDKÚ - DS,SaS,MOST - HÍD","1,983"
Rudolf Urbanovič,SNS,"2,610"
Ľudovít Urbanovský,ASV,"1,025"
Bartolomej Valo,NEKA,"1,022"
Dušan Vinčur,"KDH,SDKÚ - DS,SaS,MOST - HÍD","1,718"
Marián Vojtík,SMER - SD,"3,537"
,,
Volebný obvod č. 6,,
 , , 
Tibor Adamko,NEKA,"1,503"
Juraj Antal,NEKA,"1,019"
Štefan Balošák,SMER - SD,"2,436"
Peter Belica,NEKA,"1,368"
Milan Benko,NEKA,"1,335"
Matej Bórik,NEKA,"1,115"
Tatiana Červeňová,SMER - SD,"3,649"
Marián Fedor,SMER - SD,"2,255"
Daša Ferklová,ĽS-HZDS,319
Róbert Gottlieb,NEKA,871
Dušan Haško,"KDH,SDKÚ - DS,SaS,MOST - HÍD","1,732"
Miroslav Herák,KSS,568
Róbert Ivaška,SMER - SD,"1,957"
Tomáš Jedinák,"KDH,SDKÚ - DS,SaS,MOST - HÍD","1,825"
Peter Kašuba,NEKA,"3,176"
Jozef Kendra,KSS,385
Róbert Klimo,"KDH,SDKÚ - DS,SaS,MOST - HÍD","1,363"
Mikuláš Knapp,"NOVA,OKS",858
Ľubomír Kolár,KSS,644
Viera Korchanová,ĽS-HZDS,480
Zdenko Kozák,NEKA,"2,852"
Pavol Krišpinský,PD,254
Ján Kurhajec,ĽS-HZDS,323
František Kurhajec,ĽS-HZDS,356
Peter Maruniak,EDS,805
Miroslav Mazúr,SMER - SD,"2,698"
Danica Medvecká,KSS,622
Ján Mičko,KSS,450
Miroslav Mlynár,SMER - SD,"1,822"
Július Morgoš,"NOVA,OKS","1,211"
Milan Nemček,EDS,784
Marek Pavlovič,KSS,526
Vladimír Polakovič,NEKA,"1,663"
Ondrej Potančok,"KDH,SDKÚ - DS,SaS,MOST - HÍD",944
Zita Prívozníková,KSS,555
Stanislav Rohoň,NEKA,"1,005"
Mária Sedmáková,ĽS-HZDS,239
Matúš Svinčák,ĽS Naše Slovensko,345
Marta Svitačová,ĽS-HZDS,262
Peter Šimkovič,NEKA,"1,049"
Mária Šubrtová,ĽS-HZDS,109
Nadežda Šugrová,SMER - SD,"1,819"
Slavomír Šuch,"KDH,SDKÚ - DS,SaS,MOST - HÍD","2,406"
Martin Tanevski,KSS,360
Stanislav Thomka,"KDH,SDKÚ - DS,SaS,MOST - HÍD","2,699"
Oxana Tkáčová,NP,339
Katarína Tomášová,SMER - SD,"2,728"
Marcel Vajzer,NP,246
Ľubomír Vaňko,NEKA,"1,246"
Patrik Volentier,"NOVA,OKS",630
Peter Vons,NEKA,"4,381"
František Výrostko,NEKA,"4,294"
Tomáš Zanovit,SNS,"2,924"
Imrich Žigo,"KDH,SDKÚ - DS,SaS,MOST - HÍD","3,997"
,,
Volebný obvod č. 7,,
 , , 
Štefan Blahút,ĽS-HZDS,"1,261"
Pavol Bugeľ,NEKA,"1,156"
Miloš Ferleťak,ĽS-HZDS,410
Marián Grígeľ,SNS,"1,744"
Anton Grobarčík,NEKA,"1,355"
Peter Hurák,NEKA,486
Igor Janckulík,NEKA,"4,082"
Mária Jankuliaková,"NOVA,OKS",656
Drahoslava Kanderková,"KDH,SDKÚ - DS,SaS,MOST - HÍD","2,092"
Ján Kozák,NaS - ns,917
Tomáš Kucharík,SNS,941
Peter Laťák,PD,202
Albín Maslaňák,"KDH,SDKÚ - DS,SaS,MOST - HÍD","2,151"
Viera Mazúrová,SMER - SD,"1,983"
Jozef Metes,ĽS-HZDS,225
Marián Murín,NEKA,"1,412"
Mária Olešová,NEKA,"1,218"
Stanislav Papajík,SMER - SD,477
Štefan Peňák,NEKA,"1,263"
František Poleta,NEKA,"2,481"
Dušan Ratica,NEKA,"1,365"
Ľudmila Rešutíková,SMER - SD,"1,118"
Jozef Slovík,NEKA,942
Jozef Straka,"KDH,SDKÚ - DS,SaS,MOST - HÍD","2,945"
Michal Strnál,NEKA,767
Miroslav Šimulčík,SMER - SD,"1,501"
Jozef Vajdiar,99%,297
Milan Vrábeľ,NEKA,"2,706"
,,
Volebný obvod č. 8,,
 , , 
Ján Bednárik,"KDH,SDKÚ - DS,SaS,MOST - HÍD","2,305"
Stanislav Bella,"KDH,SDKÚ - DS,SaS,MOST - HÍD","3,251"
Ján Bursa,SMS,307
Peter Caban,"KDH,SDKÚ - DS,SaS,MOST - HÍD","2,573"
Juraj Čech,SMER - SD,"1,282"
Milan Frič,NEKA,"2,015"
Pavel Kantík,ASV,469
Radislav Kendera,NEKA,"1,209"
Jozef Klíma,ĽS-HZDS,286
Ľubomír Kubáň,NEKA,"2,078"
Juraj Kurňavka,NEKA,"1,213"
Viliam Kútny,KSS,401
Dušan Lauko,SNS,"2,544"
Michal Mertinyák,"NOVA,OKS",634
Ján Pavlík,SMER - SD,"1,340"
Ivan Pavlisko,ĽS Naše Slovensko,523
Markéta Rusnáková,"KDH,SDKÚ - DS,SaS,MOST - HÍD","1,619"
Ľubomír Schmida,SZ,677
Marián Sičák,"NOVA,OKS",882
Michal Slašťan,"KDH,SDKÚ - DS,SaS,MOST - HÍD","3,767"
Dana Sršňová,SMER - SD,"1,331"
Igor Šefčík,"NOVA,OKS",397
Miroslav Štefček,SMER - SD,"1,605"
Valéria Tholtová,KSS,542
Roman Tkáčik,SNS,617
,,
Volebný obvod č. 9,,
 , , 
Artúr Bekmatov,KSS,165
Dušan Gábor,SNS,403
Ladislav Holenka,"KDH,SDKÚ - DS,SaS,MOST - HÍD",141
Milan Litva,SMER - SD,991
Janka Mrváňová,NEKA,140
Michal Sygút,"NOVA,OKS",595
Jozef Vierik,ĽS-HZDS,210
,,
Volebný obvod č. 10,,
 , , 
Jozef Ďubjak,SMER - SD,"1,531"
Stanislav Fukas,SNS,"1,009"
Miroslav Gabara,SMER - SD,790
Vlasta Jančeková,NEKA,"1,259"
Ján Jelenčík,NEKA,"1,757"
Ján Karas,99%,155
Vojtech Koleják,"KDH,SDKÚ - DS,SaS,MOST - HÍD","3,311"
Jozef Koleják,KSS,343
Štefan Kristofčák,"KDH,SDKÚ - DS,SaS,MOST - HÍD","2,332"
Milan Kuriak,NEKA,"1,380"
Roman Mojš,"NOVA,OKS",482
Rudolf Piták,ĽS-HZDS,"1,681"
Silvia Púčiková,SMER - SD,350
Jaroslav Rosina,NEKA,"1,505"
Ján Sitek,SNS,559
Ivan Šaško,NEKA,"2,011"
Vladimír Šiška,"KDH,SDKÚ - DS,SaS,MOST - HÍD","1,185"
Karol Tibor,SNS,109
Darina Tomajková,ĽS-HZDS,359
,,
Volebný obvod č. 11,,
 , , 
Martin Babčan,NEKA,"2,425"
Branislav Bačík,SMER - SD,"3,594"
Jozef Badžgoň,"NOVA,OKS","2,436"
Martin Barčík,"KDH,SDKÚ - DS,SaS,MOST - HÍD","4,112"
Ľubomír Bažík,"NOVA,OKS","3,853"
Mariana Bohačiaková,SNS,"2,249"
Slavomíra Brezovská,SMER - SD,"3,153"
Pavol Čorba,SMER - SD,"3,085"
Monika Dimitriadu,"NOVA,OKS","2,473"
Peter Dobeš,"KDH,SDKÚ - DS,SaS,MOST - HÍD","4,564"
Vladimír Droppa,KSS,937
Rastislav Ďuriník,"KDH,SDKÚ - DS,SaS,MOST - HÍD","3,053"
Ján Ďuriš,NEKA,"2,649"
Jaroslav Dvorský,"KDH,SDKÚ - DS,SaS,MOST - HÍD","2,695"
Robert Ficek,SMER - SD,"4,866"
Andrej Filip,"KDH,SDKÚ - DS,SaS,MOST - HÍD","2,721"
Milan Gavlák,ĽS-HZDS,982
Patrik Groma,NEKA,"5,265"
Juraj Hamaj,NEKA,"2,090"
Martin Hanuliak,NEKA,"1,751"
Marek Heinrich,NEKA,"1,688"
Peter Hroško,PD,541
Marian Hurík,"NOVA,OKS","1,557"
Igor Choma,SMER - SD,"6,452"
Jozef Juriš,NEKA,"2,269"
Martin Kapitulík,"KDH,SDKÚ - DS,SaS,MOST - HÍD","3,878"
Róbert Kašša,NEKA,"4,539"
Monika Kavecká,NEKA,"4,768"
Daniel Klačko,SNS,"2,292"
Ivan Koterba,99%,617
Milan Laurenčík,"KDH,SDKÚ - DS,SaS,MOST - HÍD","3,057"
Igor Liška,SMER - SD,"2,968"
Jozef Machyna,SMER - SD,"3,484"
Juraj Marko,"KDH,SDKÚ - DS,SaS,MOST - HÍD","2,874"
Peter Mesároš,EDS,299
Soňa Miháliková,"KDH,SDKÚ - DS,SaS,MOST - HÍD","2,664"
Rudolf Michalec,SMER - SD,"3,135"
Peter Miškus,EDS,663
Milan Mrázik,99%,"2,352"
Štefan Muchy,KSS,737
Peter Ničík,"NOVA,OKS","3,808"
Marian Orieščik,KSS,"1,052"
Jozef Papán,SMER - SD,"2,489"
Pavel Pavlásek,"KDH,SDKÚ - DS,SaS,MOST - HÍD","3,720"
Jaroslav Pecho,SNS,"1,479"
Jaroslav Pechočiak,KSS,700
Juraj Petráš,"NOVA,OKS","2,172"
Juraj Popluhár,SMER - SD,"5,839"
Emil Rafaj,SNS,"2,021"
Roman Repa,NEKA,"2,075"
Jana Rojková,"KDH,SDKÚ - DS,SaS,MOST - HÍD","3,130"
Ľubomír Ryant,SNS,776
Vladimír Sadloň,SNS,"1,049"
Martin Seč,NEKA,977
Ľubomír Sečkár,SMER - SD,"3,869"
Boris Schubert,NEKA,"1,928"
Mária Sluková,MS,"1,003"
Michal Smolka,SNS,"2,379"
Andrej Sočuvka,"KDH,SDKÚ - DS,SaS,MOST - HÍD","4,050"
Štefan Svetko,NEKA,"2,083"
Pavol Škorík,SĽS,576
Dušan Štadáni,NEKA,"1,990"
Ladislav Štefanec,"KDH,SDKÚ - DS,SaS,MOST - HÍD","3,517"
František Štefánik,KSS,770
Anton Štefko,SNS,"1,466"
Jozef Štrba,SMER - SD,"5,680"
Peter Tarábek,SNS,"1,025"
Anton Trnovec,SMER - SD,"2,447"
Milan Turčan,NEKA,"1,726"
Viliam Turský,SNS,"1,478"
Vladislava Uhliariková,NP,688
Peter Vajda,NEKA,"2,223"
Dana Veveričíková,SNS,"1,813"
Štefan Zelník,SNS,"5,150"
,,
Banskobystrický kraj,,
,,
Volebný obvod č. 1,,
 , , 
Anna Babčanová,"SZS,Zmena zdola, DÚ",955
Martin Baník,KDS,"1,503"
Daniela Baranová,MOST - HÍD,682
Simon Barth,SMS,671
Miroslav Belička,ĽS Naše Slovensko,"2,257"
Zdena Bienska,SĽS,660
Teodor Bindas,SMS,"1,099"
Katarína Čižmárová,"SDKÚ - DS,NOVA,SaS","3,703"
Igor Donoval,ASV,"1,096"
Igor Ďurana,SĽS,282
Jakub Gajdošík,"SMER - SD,KDH","4,657"
Lukáš Ginič,SMS,359
Peter Gogola,NEKA,"4,993"
Miloš Horný,SMS,"1,079"
Dana Hríbiková,OKS,433
Róbert Huran,NEKA,"1,169"
Ján Chladný,KDS,"2,786"
Miroslav Ivan,"SDKÚ - DS,NOVA,SaS","2,092"
Karol Jadáš,KDS,392
Ján Jambrich,SĽS,372
Daniel Karas,"SMER - SD,KDH","3,485"
Karol Konárik,SNS,"5,067"
Ľubomír Kopál,"SMER - SD,KDH","3,016"
Ivan Kostúr,KSS,936
Marian Kotleba,ĽS Naše Slovensko,"8,678"
Jaroslav Kuracina,NEKA,"3,737"
Peter Lačný,"SMER - SD,KDH","3,504"
Ľubica Laššáková,"SMER - SD,KDH","5,571"
Milan Ligoš,"SDKÚ - DS,NOVA,SaS","1,732"
Iveta Majerová,NEKA,"1,799"
Peter Majerský,KSS,942
Viera Marková,"SDKÚ - DS,NOVA,SaS","3,262"
Jaroslav Maslen,NEKA,"2,526"
Jaroslava Miklóšová,SMS,492
Peter Molitoris,"SDKÚ - DS,NOVA,SaS","3,186"
Ľubomír Motyčka,NEKA,"5,024"
Ľubomír Piterka,NEKA,"1,107"
Milan Prašovský,SĽS,308
Elena Púchyová,"SZS,Zmena zdola, DÚ","1,354"
Juraj Remšík,SMS,670
Augustín Richtárech,OKS,327
Vladimír Rosinský,SĽS,220
Michal Rusko,NEKA,"1,964"
Peter Rusnák,NEKA,"1,662"
Jozef Sásik,SĽS,895
Jaroslav Sekerka,KSS,826
Vladimír Sklenka,NEKA,"1,954"
Janka Slaná,NEKA,"1,246"
Branislav Slaný,NEKA,"1,298"
Andrej Sliacky,SMS,656
Radovan Sloboda,"SDKÚ - DS,NOVA,SaS","1,718"
Janka Slobodníková,SĽS,864
Jozef Smekal,NEKA,"1,751"
Pavol Svetlík,SNS,"1,187"
Ján Šabo,"SMER - SD,KDH","4,020"
Ľubomír Šesták,NEKA,"1,101"
Jana Štrangfeldová,ĽS Naše Slovensko,"1,632"
Roman Štrba,SĽS,405
Ján Šulaj,"SMER - SD,KDH","5,528"
Svetozár Tomič,SMS,360
Ladislav Topoľský,"SMER - SD,KDH","4,961"
Vladimír Túry,"SDKÚ - DS,NOVA,SaS","2,470"
,,
Volebný obvod č. 2,,
 , , 
Nadežda Babiaková,"SMER - SD,KDH","1,817"
Ondrej Binder,NEKA,560
Andrej Boroška,SMS,84
Dušan Cibula,ĽS Naše Slovensko,156
Helena Koťová,NEKA,277
Dominik Kútnik,KSS,142
Nadežda Kvaková,"ĽS-HZDS,HZD",184
Alžbeta Pecherová,SNS,28
,,
Volebný obvod č. 3,,
 , , 
Tomáš Abel,NEKA,"1,888"
Rafael Ambros,"SMER - SD,KDH","1,256"
Peter Baliak,NEKA,"1,755"
Pavel Belko,SMS,"1,599"
Ingrid Betková,ĽS Naše Slovensko,805
Marek Bošeľa,KSS,731
Timotej Brenkus,SĽS,403
Jaroslav Demian,"SMER - SD,KDH","2,766"
Dušan Ďurčenka,"ĽS-HZDS,HZD",743
Jozef Figľuš,NP,413
Peter Hanko,KSS,337
Milan Chudík,KSS,432
Michal Kič,SMS,752
Marcela Kohútová,OKS,513
Štefan Kráľ,ASV,358
Ján Králik,NEKA,"1,419"
Roman Kubaliak,ĽS Naše Slovensko,872
Mária Majerčíková,"SDKÚ - DS,NOVA,SaS","1,792"
Jaroslav Mojžiš,KSS,337
Edita Niklová,"SMER - SD,KDH","1,631"
Milan Petrla,SNS,764
Slavomír Pôbiš,"SDKÚ - DS,NOVA,SaS","2,071"
Ján Račák,"SMER - SD,KDH","2,075"
Marian Smola,KSS,352
Vladimír Strmeň,NEKA,"1,496"
Ľubica Štugnerová,"SDKÚ - DS,NOVA,SaS","1,082"
Peter Štulajter,NP,400
Dušan Švantner,NEKA,"1,226"
Roman Švantner,ASV,681
Martin Tkáčik,"SDKÚ - DS,NOVA,SaS","1,355"
Jozef Tokár,"SMER - SD,KDH","2,288"
Rastislav Vagaday,"SDKÚ - DS,NOVA,SaS","1,073"
Eva Wolframová,NEKA,"3,233"
,,
Volebný obvod č. 4,,
 , , 
Miroslav Berky,SMS,280
Juraj Bódi,"SMER - SD,KDH","1,135"
Tomáš Dom,"SDKÚ - DS,NOVA,SaS","1,112"
Jozef Fašanga,SNS,342
Stanislav Horník,NEKA,"2,300"
Miroslav Chlebo,KSS,181
Pavel Chovanec,ÚSVIT,135
Ján Jaroslav Jurečka,ÚSVIT,71
Jana Klimová,NEKA,"1,154"
Štefan Krnáč,NEKA,890
Ľubomír Krnáč,ASV,157
Jana Kuzárová,"SMER - SD,KDH",827
Anton Lupták,KSS,158
Roman Malatinec,"SMER - SD,KDH","2,173"
Dušan Mitter,NEKA,"1,107"
Dušan Pohorelec,SĽS,268
Ivan Sivok,SZ,599
Miroslav Suja,SZ,"2,496"
Ján Šufliarský,NEKA,"2,475"
Anton Trebuľa,KSS,325
Roman Vrťo,"SDKÚ - DS,NOVA,SaS","1,529"
,,
Volebný obvod č. 5,,
 , , 
Vladimír Babic,"SMER - SD,KDH",943
Elena Baculíková,ASV,204
Jaroslav Bellák,"SDKÚ - DS,NOVA,SaS",325
Oľga Búryová,SNS,192
Marián Hecl,NEKA,816
Jaroslav Jenčo,SMS,"1,052"
Martin Krajč,SMĽ,223
Ján Krajčík,KSS,88
Albert Macko,NEKA,942
Štefan Matejkin,NEKA,"1,318"
Eva Nemsilová,KSS,49
Martin Schvarc,NEKA,"1,084"
Maroš Skopal,"SDKÚ - DS,NOVA,SaS",767
Radoslav Vazan,"SMER - SD,KDH","1,536"
,,
Volebný obvod č. 6,,
 , , 
Attila Agócs,NEKA,"1,978"
Monika Albertiová,99%,639
Pavol Baculík,"SDKÚ - DS,NOVA,SaS","2,797"
Vojtech Botoš,SRK,537
Marian Bozó,SMS,415
Vladimír Cirbus,NEKA,708
Péter Csúsz,SMK-MKP,"3,192"
Radoslav Čičmanec,ASV,480
Ľubomír Činčura,NEKA,"1,114"
Ondrej Drugda,SĽS,296
Milan Ďurák,SNS,391
Róbert Eibner,MOST - HÍD,"1,376"
Pavel Greksa,99%,"1,391"
Péter György,SMK-MKP,"2,155"
Branislav Hámorník,"SMER - SD,KDH","4,145"
Marcel Hudec,PD,319
Ján Karman,KSS,537
Ján Kašiar,KSS,451
František Kelemen,SĽS,136
Štefan Kertész,MOST - HÍD,736
Radovan Konečný,MOST - HÍD,751
Ján Krahulec,KSS,314
Zaher Mahmoud,"SDKÚ - DS,NOVA,SaS","2,274"
Karol Márkuš,PD,220
Ján Mičuda,"SMER - SD,KDH","1,967"
Miroslav Morháč,"SDKÚ - DS,NOVA,SaS",689
Michal Novodomský,SMS,296
Martin Olšiak,SNS,"1,062"
Peter Pánik,SĽS,144
Juraj Pelč,NEKA,"2,534"
Ján Poničan,SNS,311
Vladimír Rehánek,"SMER - SD,KDH","2,341"
Alena Rezková,NEKA,819
Katarína Sabová,PD,175
Mária Salajová,KSS,359
Igor Sivok,PD,164
Rudolf Slivka,ND,"1,807"
Milan Spodniak,"ĽS-HZDS,HZD","2,473"
Zsuzsanna Szvorák,SMK-MKP,"2,459"
Marian Šulek,KSS,347
,,
Volebný obvod č. 7,,
 , , 
Andrea Baníková,"SMER - SD,KDH","1,994"
Dušan Cmaro,SNS,153
Igor Čepko,ND,835
Erik Furák,ĽS Naše Slovensko,184
Július Horváth,SRK,90
Ján Chromek,"SMER - SD,KDH","2,378"
Ján Kalafús,KSS,260
Daniel Kamas,NEKA,969
Ondrej Kožiak,PaS,181
Ján Matúš,SĽS,121
Anna Melicherčíková,ASV,306
Pavel Olšiak,NEKA,"1,659"
Radovan Séleš,SMS,220
,,
Volebný obvod č. 8,,
 , , 
Július Buchta,SNS,509
Eva Cireňová,"SMER - SD,KDH","2,205"
Katarína Danišová,"SMER - SD,KDH","1,069"
Dušan Ďuriška,SĽS,255
Nikoleta Gallová,NP,234
Ján Germánus,"SDKÚ - DS,NOVA,SaS",468
Jozef Gurský,KSS,289
Eva Hicárová,NEKA,533
Andrea Hroncová,"ĽS-HZDS,HZD",151
Andrea Jenčíková,NP,156
Jaroslav Kacián,ĽS Naše Slovensko,421
Július Laššan,"SMER - SD,KDH","2,152"
Ladislav Nagy,MOST - HÍD,966
Zuzana Nemogová,ĽS Naše Slovensko,530
Marek Nosko,NEKA,"1,160"
Emil Samko,KĽS,187
Ľudovít Sendrei,SRK,280
Branislav Skaloš,KSS,110
Rudolf Steigavf,SĽS,147
Anna Szögedi,SMK-MKP,"1,855"
Ján Šeševička,NEKA,"2,256"
Ľudovít Štítnický,SMS,236
,,
Volebný obvod č. 9,,
 , , 
Tomáš Agócs,MOST - HÍD,"2,004"
Ján Antal,ÚSVIT,538
Romana Antalová,ÚSVIT,431
František Auxt,SMK-MKP,"3,182"
Michal Bagačka,"SMER - SD,KDH","3,166"
Tibor Balog,SMS,817
Zoltán Bán,SMK-MKP,"2,701"
Pavel Cibuliak,"SDKÚ - DS,NOVA,SaS",909
Gejza Farkaš,"SDKÚ - DS,NOVA,SaS","2,233"
Dušan Faško,KSS,447
Kristián Gavalier,ĽS Naše Slovensko,610
Ivan Hazucha,"SMER - SD,KDH","1,699"
Ján Hiraj,NP,125
Katarína Horváth,KĽS,277
Csaba Horváth,NEKA,"1,029"
Jozef Hrablay,"SDKÚ - DS,NOVA,SaS","1,032"
Peter Juhász,SMK-MKP,"4,792"
Anna Kekeňáková,KSS,202
Dušan Kojnok,"SZS,Zmena zdola, DÚ",693
Vojtech Kökény,SRK,"1,083"
Helena Krauszová,SMS,189
Lukáš Kvietok,"SMER - SD,KDH","1,390"
Ladislav Lang,MOST - HÍD,"1,996"
Tibor Lukáčka,ASV,"1,156"
Ján Matej,"SDKÚ - DS,NOVA,SaS",751
Peter Mináč,"SMER - SD,KDH","3,455"
Stanislav Mizík,ĽS Naše Slovensko,700
Katarína Moncoľová,"SDKÚ - DS,NOVA,SaS",924
Marian Petrok,"SDKÚ - DS,NOVA,SaS","1,317"
Renáta Puhlová,PD,238
Jozef Pupala,KSS,577
Ladislav Rigó,SMK-MKP,"3,352"
Veronika Rízová,KSS,285
Tomáš Rosiar,ĽS Naše Slovensko,643
Pavel Struhár,"SMER - SD,KDH","2,828"
Jaroslav Suja,NEKA,"1,047"
Vojtech Szajkó,NEKA,"2,605"
Jozef Šimko,NEKA,"2,927"
Dušan Širák,KSS,286
Jana Uhrinová,SNS,792
Aneta Vargicová,SNS,713
Silvia Vargová,MOST - HÍD,"2,349"
Viliam Vaš,"SMER - SD,KDH","1,223"
Peter Vetrák,SĽS,400
Viliam Vidinský,"ĽS-HZDS,HZD",392
Peter Vraniak,ÚSVIT,191
Samuel Zubo,KSS,378
,,
Volebný obvod č. 10,,
 , , 
Darina Antolíková,"SDKÚ - DS,NOVA,SaS","1,672"
Dušan Backo,SNS,509
Attila Baki,MOST - HÍD,"1,562"
Peter Bartoš,ĽS Naše Slovensko,201
Miroslav Bartoš,SRK,130
Bohuslav Beňo,OKS,224
Jozef Filip,"SDKÚ - DS,NOVA,SaS",871
Pavol Goda,SĽS,340
Václav Hájevský,NEKA,623
Richárd Hamerlik,SMS,561
Anna Hlivárová,ASV,179
László Jámbor,SMK-MKP,"1,973"
Ondrej Kollár,"SMER - SD,KDH","2,114"
Mária Lőrincz,NEKA,872
Peter Šiška,"SDKÚ - DS,NOVA,SaS",583
Mirko Trojčák,"SMER - SD,KDH","3,352"
Jaroslav Zauška,"SMER - SD,KDH",872
,,
Volebný obvod č. 11,,
 , , 
Ondrej Babic,"SMER - SD,KDH","2,922"
Lukáš Balga,SMS,816
Lenka Balkovičová,NEKA,"5,118"
Jozef Belička,EDS,458
Rastislav Bobor,KSS,881
Milan Čarnoký,"SMER - SD,KDH","4,880"
Juraj Družbacký,"SMER - SD,KDH","4,187"
Ján Fekiač,ÚSVIT,713
Miroslav Gálik,"ĽS-HZDS,HZD","1,295"
Peter Gnida,SNS,565
Mária Hanesová,SMS,907
Jozef Ježík,"SMER - SD,KDH","5,357"
Martina Kmeťová,ĽS Naše Slovensko,878
Ján Kolkus,MOST - HÍD,224
Miroslav Kurtík,KSS,578
Miroslav Kusein,"SMER - SD,KDH","4,847"
Katarína Lešková,"SZS,Zmena zdola, DÚ","1,378"
Vladimír Maťaš,SMS,537
Martina Mészáros Bariaková,"SDKÚ - DS,NOVA,SaS","2,038"
Milan Micháľ,"SDKÚ - DS,NOVA,SaS","1,290"
Jozef Mikuš,"SDKÚ - DS,NOVA,SaS","3,791"
Róbert Orság,NEKA,"1,223"
Anna Paľovová,"SDKÚ - DS,NOVA,SaS","1,631"
Ján Podkonický,SNS,"2,503"
Ondrej Smutný,EDS,708
Vladimír Sojak,OKS,493
Juraj Suja,OKS,492
Ondrej Šiagi,99%,462
Martin Zachar,EDS,884
Ľubomír Zubčák,SĽS,794
,,
Volebný obvod č. 12,,
 , , 
Miroslav Cimra,KSS,197
Vladimír Černák,"SDKÚ - DS,NOVA,SaS",655
Kamil Danko,"SMER - SD,KDH","2,482"
Svetozár Gavora,OKS,264
Ján Havran,NEKA,"1,233"
Karol Laco,SNS,920
František Návarka,SMS,199
Ivan Pokrívka,SĽS,56
Juraj Schwarz,"SMER - SD,KDH",594
Marcel Šály,"SDKÚ - DS,NOVA,SaS",634
Ján Tomáš,NEKA,"1,363"
Jaroslav Ubert,NEKA,45
,,
Volebný obvod č. 13,,
 , , 
Vladimír Bevelaqua,NEKA,957
Ľubomír Bielik,SNS,591
Mária Biesová,"SDKÚ - DS,NOVA,SaS",873
Vladimír Čech,NEKA,677
Vladimír Flimer,"SMER - SD,KDH","2,822"
Daniel Gelien,NEKA,"2,592"
Alfréd Haško,OKS,558
Ján Hlavatý,KSS,155
Štefan Hrdý,KSS,166
Ján Hromádka,SNS,461
Radovan Junas,"SMER - SD,KDH","1,375"
Anna Kollárová,KSS,209
Igor Korbela,"SDKÚ - DS,NOVA,SaS",430
Lívia Kosťová,NEKA,992
Božena Kováčová,"SMER - SD,KDH","2,576"
Ladislav Kukolík,NEKA,"3,861"
Rastislav Kysel,ĽS Naše Slovensko,605
Štefan Maceják,"SDKÚ - DS,NOVA,SaS",816
Robert Mihok,"SDKÚ - DS,NOVA,SaS",563
Jaroslav Murgač,KSS,313
Juraj Prôčka,"ĽS-HZDS,HZD",286
Dušan Rajčan,SNS,"1,213"
Richard Rišňovský,"ĽS-HZDS,HZD",782
Ján Stieranka,SĽS,210
Jozef Tomčáni,"SMER - SD,KDH","1,513"
Emil Vozár,NEKA,"1,519"
,,
Prešovský kraj,,
,,
Volebný obvod č. 1,,
 , , 
Milan Benka,NOVA,"1,038"
Jozef Bogdan,SNS,567
Miroslav Bujda,SMER - SD,"2,978"
Andrej Buvalič,NÁŠ KRAJ,"1,337"
Pavol Ceľuch,NEKA,"4,492"
Ferdinand Exner,"KDH,MOST - HÍD,SDKÚ - DS","1,924"
František Ferenc ml.,NEKA,907
Jozef Guliga,SMER - SD,"2,575"
Jozef Halecký,SMER - SD,"2,758"
Boris Hanuščak,SMER - SD,"5,365"
Štefan Harčarufka,NOVA,"1,808"
Andrej Havrilla,SMER - SD,"3,626"
Anna Holtmanová,"KDH,MOST - HÍD,SDKÚ - DS","2,029"
Martin Choma,NEKA,"2,377"
Vladimír Jacenko,NÁŠ KRAJ,"1,086"
Jozef Kmec,NEKA,"2,203"
Peter Korba,KSS,584
Jozef Kuchta,NEKA,"2,349"
Anton Lamanec,NEKA,"1,436"
Helena Leščišinová,SMER - SD,"2,731"
Miroslav Mačej,"KDH,MOST - HÍD,SDKÚ - DS","1,355"
Patrik Mihaľ,NOVA,"3,233"
Rudolf Michalov,"KDH,MOST - HÍD,SDKÚ - DS","1,271"
Miroslav Mydlo,SOĽ,518
Ján Paľa,NOVA,"1,754"
Anna Petričová,NEKA,"1,529"
Tibor Rusiňak,DS,185
Vladimír Savčinský,"KDH,MOST - HÍD,SDKÚ - DS","2,276"
Mária Spišáková,"KDH,MOST - HÍD,SDKÚ - DS","1,139"
Martin Šmilňák,NEKA,"3,052"
Dušan Šoltýs,ĽS-HZDS,476
,,
Volebný obvod č. 2,,
 , , 
Martina Adameková,NOVA,528
Michal Babin,"KDH,MOST - HÍD,SDKÚ - DS","1,712"
Jozef Babják,"KDH,MOST - HÍD,SDKÚ - DS","1,758"
Jozef Bajkó,Z-SNP,281
František Bazar,SNS,968
Peter Beták,NOVA,755
Milan Čička,SNS,237
Dušan Drančak,NÁŠ KRAJ,933
Michal Druga,SMER - SD,"2,234"
Jozef Fedorko,SMER - SD,"2,383"
Marián Feigl,ÚSVIT,614
Ján Ferko,SMER - SD,"2,635"
Andrea Firkáľová,"PaS,99%",308
Tibor Focko,SMER - SD,"2,468"
Simona Galliková,Z-SNP,262
Rudolf Gregorovič,"KDH,MOST - HÍD,SDKÚ - DS","1,808"
Milan Grundza,"PaS,99%",270
Cyril Hirjak,NEKA,"1,501"
Ľuboslava Hofericová,NEKA,"1,724"
Martin Hoľko,NOVA,567
Ivan Hopta,ÚSVIT,"3,158"
Pavol Charitun,"Zmena zdola, DÚ",126
Marek Juro,SaS,179
Monika Karaffová,"KDH,MOST - HÍD,SDKÚ - DS","1,266"
Matúš Karas,KSS,468
Miroslav Kerekanič,SMER - SD,"1,752"
Veronika Kocková,"PaS,99%",394
Peter Kulan,NOVA,733
Ľubomír Kurej,SRÚS,300
Michal Kurťák,"KDH,MOST - HÍD,SDKÚ - DS","1,343"
Štefan Ladičkovský,NEKA,"1,510"
Iveta Lesáková,Z-SNP,141
Iveta Mičáková,ÚSVIT,391
Milan Mňahončák,NÁŠ KRAJ,"1,351"
Zdenek Novák,"PaS,99%",458
Marián Paško,ÚSVIT,910
Monika Petrušková,ÚSVIT,335
Andrej Semanco,NEKA,"1,128"
Peter Sinaj,NÁŠ KRAJ,"1,201"
Vladimír Sivý,SMS,446
Anna Sotaková,KSS,"1,414"
Marián Vojtko,SNS,793
,,
Volebný obvod č. 3,,
 , , 
Peter Bendík,SMS,488
Štefan Bieľak,SMER - SD,"3,345"
Stanislav Čajka,ÚSVIT,366
František Depta,NEKA,704
Radoslav Dovjak,SNS,284
Peter Duda,SMER - SD,"1,245"
Štefan Džurný,NEKA,819
Ján Ferenčák,SMER - SD,"1,262"
Michal Gáborčík,NOVA,"1,200"
Jozef Grivalský,"KDH,MOST - HÍD,SDKÚ - DS","1,970"
Jozef Harabin,SMER - SD,"1,927"
Veronika Havírová,SNS,470
Pavel Hudáček,"KDH,MOST - HÍD,SDKÚ - DS","1,953"
Ladislav Hužík,SNS,334
Peter Ježík,ĽS Naše Slovensko,437
Vladimír Klein,ĽS Naše Slovensko,694
Michal Kovalčík,SNS,236
Bartolomej Kubik,KSS,190
Jozef Kuna,NEKA,642
Slavomír Majerčák,"KDH,MOST - HÍD,SDKÚ - DS","1,437"
Jana Majorová Garstková,NEKA,"1,019"
Zlatica Martančíková,SNS,239
Michal Neupauer,NEKA,662
Milan Paluba,MS,212
Katarína Petijová,"PaS,99%",539
Zoltán Pišta,NEKA,681
Kamil Pompa,SRK,305
Jozef Potanko,"KDH,MOST - HÍD,SDKÚ - DS",966
Andrej Rusňák,MS,287
Antónia Semaňáková,NEKA,512
Pavol Slovík,SMER - SD,"2,587"
Juraj Švedlár,NEKA,729
Bystrík Václav,"KDH,MOST - HÍD,SDKÚ - DS","1,899"
Pavol Vilček,NOVA,"1,012"
Ján Zelizňak,NÁŠ KRAJ,165
,,
Volebný obvod č. 4,,
 , , 
Miroslav Brincko,SNS,236
Jozef Cvoliga,"KDH,MOST - HÍD,SDKÚ - DS",831
Miroslav Čurilla,"KDH,MOST - HÍD,SDKÚ - DS","1,173"
Mária Hagovská,NEKA,455
Šimon Jeseňák,OKS,228
Ján Jurečko,KDS,797
Mária Komarová,NEKA,331
Vladimír Krajňák,SMS,98
Anna Kravecová,ĽS-HZDS,325
Vladimír Ledecký,SMER - SD,"2,034"
Zdenko Macáš,"PaS,99%",80
Milan Majerský,"KDH,MOST - HÍD,SDKÚ - DS","1,462"
František Pitoňák,SNS,241
Peter Pitoňák,ĽS-HZDS,513
Miloslav Repaský,SMER - SD,"1,255"
Marek Rusiňák,SNS,241
Miroslav Vilkovský,SMER - SD,980
Ľubomír Vira,NEKA,592
,,
Volebný obvod č. 5,,
 , , 
Ján Andreanin,Paliho Kapurková,166
Ján Barna,NOVA,141
Juraj Bogric,KSS,100
Adrian Kaliňák,SMER - SD,"1,633"
Miroslav Kuruc,ÚSVIT,31
Ivan Solej,NEKA,"1,035"
Ľudmila Štecová,"KDH,MOST - HÍD,SDKÚ - DS",41
Iveta Uličná,NÁŠ KRAJ,83
Ján Varecha,SRÚS,55
Viktor Zelinka,Z-SNP,46
,,
Volebný obvod č. 6,,
 , , 
Daniel Abaffy,SĽS,310
Rudolf Abrahám,SMER - SD,"2,138"
Anton Andráš,"KDH,MOST - HÍD,SDKÚ - DS","1,962"
Milan Antaš,SOĽ,843
Elena Bačkorová,SĽS,291
Milan Baran,"KDH,MOST - HÍD,SDKÚ - DS","3,471"
František Bednár,SĽS,579
Mário Blahota,ĽS Naše Slovensko,263
Slavomír Božoň,SaS,"1,203"
Peter Brenišin,SMER - SD,"1,947"
Veronika Brijová,SNS,355
Ján Dravecký,NOVA,"1,151"
Jana Dudová,NOVA,"1,098"
Peter Dujava,NEKA,"1,467"
Alžbeta Havrančíková,SMER - SD,"2,434"
Kamil Horváth,SRK,112
Peter Hritz,SMER - SD,"2,069"
Mária Ilenčíková,NEKA,964
Anna Jablonovská,SĽS,228
Iveta Jabrocká,"PaS,99%",301
Marek Jackanič,ÚSVIT,228
Peter Jakubčák,KSS,471
Jozef Janiga,SMER - SD,"3,298"
Richard Koky,NEKA,"1,089"
Slavomír Kopáč,NEKA,"1,637"
Milan Korenko,SĽS,258
Mário Kovalčík,NEKA,605
Ľubomír Kroščen,SĽS,96
Arne Kroták,NOVA,"2,315"
Ján Kuchta,SĽS,208
Alena Madzinová,"KDH,MOST - HÍD,SDKÚ - DS","2,706"
Milan Marečák,SMS,210
Iveta Martonová,"PaS,99%",249
Jozef Mezovský,"KDH,MOST - HÍD,SDKÚ - DS","2,376"
Ladislav Moravčík,NEKA,465
Vladimír Ondruš,SMER - SD,"1,650"
Anna Ondrušeková,NEKA,"1,841"
Peter Roth,OKS,652
Milan Rovder,"KDH,MOST - HÍD,SDKÚ - DS","1,389"
Michal Rusnák,"KDH,MOST - HÍD,SDKÚ - DS","1,983"
Michal Sýkora,SMER - SD,"3,173"
Rajmund Szánto,NÁŠ KRAJ,840
Martin Ščuka,SRK,170
Miroslav Ščurka,KSS,291
Jozef Švagerko,"KDH,MOST - HÍD,SDKÚ - DS","2,958"
Branislav Švec,NOVA,854
Jozef Teplický,SNS,435
Ladislav Trembáč,SMS,362
Mária Trembáčová,NEKA,"1,596"
Danka Vančišinová,SMER - SD,"1,242"
Rastislav Wolf,SĽS,138
Igor Wzoš,"KDH,MOST - HÍD,SDKÚ - DS","2,590"
,,
Volebný obvod č. 7,,
 , , 
Ján Ahlers,"KDH,MOST - HÍD,SDKÚ - DS","4,694"
Ján Andrejko,NEKA,"2,642"
Anna Angelovičová,7 STATOČNÝCH,"1,136"
Zuzana Angelovičová,7 STATOČNÝCH,963
Daniel Antolík,SNS,826
Ladislav Babuščák,NOVA,"1,501"
Radovan Bačík,NEKA,"1,589"
Jiří Ballarin,NEKA,"2,308"
František Balog,SRÚS,628
Ján Baloga,"KDH,MOST - HÍD,SDKÚ - DS","3,675"
Iveta Baranová,NEKA,"1,466"
Vladislav Bašista,SMER - SD,"4,413"
Tibor Bažo,SRÚS,238
Radoslav Bednarčik,SNS,803
Branko Benko,SMER - SD,"2,459"
Ivan Benko,NEKA,"1,751"
Miroslav Benko,SMER - SD,"4,886"
Vladimír Borecký,NEKA,"1,072"
Dušan Brhlík,NEKA,"1,256"
Andrej Buday,SaS,589
Peter Bugár,KSS,727
Milan Cimerman,Z-SNP,435
Lenka Čarná,ĽS Naše Slovensko,"1,043"
Radoslav Čuha,SMER - SD,"4,587"
Marian Damankoš,"KDH,MOST - HÍD,SDKÚ - DS","4,577"
Anton Demeter,SNS,697
Ján Dobrovič,NEKA,"1,253"
Alica Dragulová,NOVA,"1,751"
Richard Drutarovský,NOVA,"2,573"
Igor Dužda,7 STATOČNÝCH,333
Miluša Džupinová,NÁŠ KRAJ,"1,011"
Vladimír Feľbaba,NOVA,"1,417"
Jozef Frankovský,NEKA,840
Anton Gašpár,"KDH,MOST - HÍD,SDKÚ - DS","4,702"
Stanislav Grega,NEKA,"1,843"
Ondrej Gubač,NEKA,"1,112"
Marek Guman,NEKA,"2,265"
Pavel Hagyari,NEKA,"4,701"
Peter Hatalčík,SMER - SD,"2,477"
Štefan  Hatok,NEKA,"1,593"
Michal Hlivjak,"PaS,99%",414
Milan Hlivjak,"PaS,99%",375
Jozef Hreha,NÁŠ KRAJ,407
Juraj Hurný,"KDH,MOST - HÍD,SDKÚ - DS","4,541"
Emil Chlapeček,SMER - SD,"4,768"
Ján Jacoš,"PaS,99%",742
Jozef Jakubík,"PaS,99%",307
František Janus,NEKA,"1,711"
Marcel Jenča,SNS,811
Stanislav Kahanec,"KDH,MOST - HÍD,SDKÚ - DS","5,421"
Jozef Kakaščik,NEKA,"2,083"
Michal Kaliňák,SMER - SD,"4,321"
Ján Katica,NEKA,813
Jozef Kičura,SMER - SD,"5,940"
Jozef Kipikaša,SNS,516
Ladislav Kišeľák,SMER - SD,"3,249"
Pavol Kleban,SNS,795
Mária Klebanová,SNS,740
Peter Klein,NEKA,"3,333"
Anton Klimko,NOVA,"1,163"
Mikuláš Komanický,SMER - SD,"4,547"
Ľuboslav Krajňák,ÚSVIT,354
Peter Krajňák,"KDH,MOST - HÍD,SDKÚ - DS","4,717"
Marián Krakovský,KSS,626
Ľuba Kráľová,NEKA,"1,391"
Jozef Kravjar,ĽS-HZDS,414
Radomír Kreheľ,NEKA,"1,085"
Igor Kreta,KSS,784
Štefan Kužma,"KDH,MOST - HÍD,SDKÚ - DS","4,844"
Janette Langová,NOVA,"2,152"
Radko Lapoš,NEKA,881
Viera Leščáková,NOVA,"2,235"
Miroslav Leško,SMER - SD,"2,738"
Cyril Leško,SNS,846
Róbert Ľubocký,7 STATOČNÝCH,461
Miroslav Lukáč,SMER - SD,"4,153"
Anna Lukáčová,7 STATOČNÝCH,791
Peter Makara,"KDH,MOST - HÍD,SDKÚ - DS","3,975"
Ľudovít Malaga,NEKA,"1,815"
Stanislav Mathia,NOVA,"1,556"
František Merkovský,"PaS,99%",519
Pavel Mihaľák,NEKA,991
Matúš Murajda,NEKA,"2,256"
Róbert Oros,"KDH,MOST - HÍD,SDKÚ - DS","3,708"
Miloslav Pavlík,SMK-MKP,168
Lukáš Priščák,SNS,763
Viliam Sedlák,"PaS,99%",306
Juraj Senderák,"KDH,MOST - HÍD,SDKÚ - DS","4,406"
Miroslav Sopko,NOVA,"1,772"
Paulína Štefaničová,NOVA,"1,154"
Stanislav Šváby,NOVA,"1,034"
Patrik Tomič,NEKA,"1,748"
Andrej Tudor,KSS,"1,026"
Andrea Turčanová,"KDH,MOST - HÍD,SDKÚ - DS","4,805"
Jaroslav Uličný,SNS,604
Peter Uličný,7 STATOČNÝCH,717
Viera Vasiliaková,KSS,579
Ľubomír Vasilišin,7 STATOČNÝCH,"1,208"
Ľubomír Vaško,NOVA,"1,341"
Zdenko Velecký,NEKA,"1,928"
Rudolf Voit,NEKA,"1,313"
Mikuláš Žemlička,NÁŠ KRAJ,564
,,
Volebný obvod č. 8,,
 , , 
Ľuboš Bernát,SNS,624
Jozef Biroš,SNS,502
Maroš Bujňák,SNS,609
Dorota Bujňáková,NP,"1,268"
Miroslav Čekan,SMER - SD,"2,150"
Ján Fekiač,"KDH,MOST - HÍD,SDKÚ - DS","1,847"
Roman Gergelčík,ĽS-HZDS,564
Florián Giňa,NEKA,"1,092"
Pavol Hrabčák,7 STATOČNÝCH,488
Gabriel Huraj,NaS - ns,279
Vladimír Jánošík,SMER - SD,"2,484"
Katarína Koribská,KSS,408
Alena Krehlíková,ĽS Naše Slovensko,300
Peter Molčan,SMER - SD,"2,443"
Michal Sekerák,NÁŠ KRAJ,506
Jozef Stedina,NEKA,"1,290"
Jaroslav Šoltys,SMER - SD,"1,115"
Branislav Valkár,KSS,210
Eduard Vokál,"KDH,MOST - HÍD,SDKÚ - DS","2,800"
Peter Vrábeľ,ĽS-HZDS,612
Andrea Zborovjanová,ÚSVIT,611
,,
Volebný obvod č. 9,,
 , , 
Ján Bajus,"Zmena zdola, DÚ",188
Jaroslav Beňatinský,"PaS,99%",303
Erik Cap,NEKA,"1,187"
Dušan Cicko,NEKA,913
Marek Čornanič,7 STATOČNÝCH,286
Pavol Diňa,SMS,394
Dušan Hančarik,SNS,603
Ján Holinka,"KDH,MOST - HÍD,SDKÚ - DS","1,758"
Jozef Homza,"KDH,MOST - HÍD,SDKÚ - DS","1,625"
Peter Karľa,NOVA,366
Lukáš Kira,ÚSVIT,122
Ján Kočan,KSS,330
Miroslav Kulik,KSS,217
Michal Lukša,SMER - SD,"1,779"
Marek Malinič,NOVA,132
Jozef Marinič,SĽS,74
Milan Marinič,SĽS,120
Marián Nemčišin,NÁŠ KRAJ,414
Jaroslav Regec,NEKA,"1,360"
Jozef Savka,SNS,"1,699"
Nadežda Sirková,SMER - SD,"2,234"
Juraj Skrip,NEKA,764
Jasmina Staruchová,KSS,108
Ján Vajda,SMER - SD,"1,388"
Marta Varchoľaková,Z-SNP,121
,,
Volebný obvod č. 10,,
 , , 
Jozef Abrahamovský,NEKA,765
Anna  Aftanasová,NEKA,"2,880"
Mikuláš Benko,KSS,319
Michal Biganič,SMER - SD,"2,288"
Peter Bizovský,SMER - SD,"3,778"
Jozef Bravis,"PaS,99%",125
Michal Didik,NEKA,599
Ondrej Dragošek,SNS,233
Ľuboš Filiač,NOVA,292
Pavol Gurega,"KDH,MOST - HÍD,SDKÚ - DS","1,232"
Václav Homišan,KSS,338
Ján Jakubiansky,SNS,320
Valent Jaržembovský,NEKA,"1,318"
Juraj Jedinák,SMER - SD,"1,208"
Jozef Kandráč,NEKA,"2,327"
Mária Lekešová,NÁŠ KRAJ,148
Michal Marhefka,NEKA,617
František Orlovský,"KDH,MOST - HÍD,SDKÚ - DS","2,179"
Radoslav Plučinský,SNS,295
Eva Repková,NOVA,662
Ján Sivuľka,"KDH,MOST - HÍD,SDKÚ - DS","1,123"
Peter Sokol,SMER - SD,"2,975"
Vladimír Šipoš,"PaS,99%",268
Milan Šoltýs,"KDH,MOST - HÍD,SDKÚ - DS",573
Jozef Vasilík,NEKA,523
Anna Vírová,MS,287
Peter Žemba,NEKA,980
Vladimír Živčák,SĽS,300
,,
Volebný obvod č. 11,,
 , , 
Bohuš Antoš,"PaS,99%",490
Alexandra Bodnárová,Z-SNP,164
Milan Bzdil,NEKA,"1,385"
Emanuel Čonka,SRÚS,84
Juraj Drozd,ÚSVIT,81
Milan Ďurica,SNS,212
Mária Flešárová,SNS,258
Anna Husáková,SRÚS,47
Martin Jakubov,"KDH,MOST - HÍD,SDKÚ - DS","1,960"
Eduard Kočiš,NaS - ns,196
Marek Manduľa,SOĽ,204
Peter Obrimčák,SMER - SD,"1,446"
Pavol Šmajda,NÁŠ KRAJ,278
Alfonz Veselý,SMER - SD,"1,021"
,,
Volebný obvod č. 12,,
 , , 
Milan Cocuľa,SMER - SD,"2,008"
Cyril Dudáš,SNS,726
Ivan Džupin,NÁŠ KRAJ,668
Marián Geci,SĽS,263
Michal Gondek,NEKA,"1,030"
Ján Holodňák,"KDH,MOST - HÍD,SDKÚ - DS","1,885"
Vladimír Kaliňák,"KDH,MOST - HÍD,SDKÚ - DS","1,055"
Ivan Kimák,KSS,204
Michal Kolesár,NEKA,439
Mária Ľos - Božiková,NOVA,257
Mikuláš Mašlej,"KDH,MOST - HÍD,SDKÚ - DS",894
Peter Pilip,SMER - SD,"2,992"
Peter Revický,NOVA,235
Ján Rubis,SMER - SD,"1,780"
Viktor Varchola,NEKA,"1,182"
Ján Vook,NEKA,"1,981"
Ján Zoščák,ÚSVIT,137
Jozef Žák,NÁŠ KRAJ,"1,600"
Jozef Žižák,NOVA,296
,,
Volebný obvod č. 13,,
 , , 
Vincent Antoš,KSS,489
Marta Baniková,"PaS,99%",204
Pavel Bašista,"KDH,MOST - HÍD,SDKÚ - DS","1,100"
Jozef Berta,SMER - SD,"2,453"
Lukáš Bičej,KOS,965
Dávid Capik,SNS,309
Marek Cerula,SNS,"1,053"
Ján Čižik,"PaS,99%",257
Pavol Drobný,SĽS,175
Michal Džuka,SOĽ,"1,161"
Jozef Džurdženík,SNS,445
Marek Fedor,"KDH,MOST - HÍD,SDKÚ - DS","2,630"
Miroslav Gešper,NEKA,845
Dušan Haľko,SNS,513
Miroslav Hlavatý,SĽS,167
Ladislav Hromada,NOVA,551
Peter Jacko,EDS,212
Ján Jevín,SNS,269
Miroslav Kaliaš,SRK,"1,005"
Alfonz Kaliaš,SRÚS,"1,139"
Radovan Kapraľ,KOS,455
Jozef Karchňák,ÚSVIT,197
Ján Katriňák,SRK,655
Marián Kerčák,ĽS-HZDS,324
Anton Korba,NEKA,516
Rastislav Košalko,KOS,"1,013"
Matúš Krajňák,SĽS,326
Juraj Kuročka,SMER - SD,"2,916"
Mária Kurovská,NaS - ns,249
Ondrej Kurovský,ĽS Naše Slovensko,261
Eva Lenková,NaS - ns,773
Ľubomír Lukič,SMER - SD,"2,909"
Ján Macuga,EDS,140
Milan Madura,ĽS-HZDS,654
Jaroslav Makatúra,SMER - SD,"3,008"
Jozef Mihalčin,SĽS,747
Marek Molčan,"KDH,MOST - HÍD,SDKÚ - DS","2,173"
Dušan Molek,SMER - SD,"2,217"
Michal Mudrák,"KDH,MOST - HÍD,SDKÚ - DS","1,367"
Dušan Ondič,NÁŠ KRAJ,439
Peter Ondko,NEKA,421
Monika Palková,Z-SNP,248
Jaroslav Pasternák,ĽS-HZDS,254
Anton Pavúk,NOVA,646
Marcela Pčolinská,NOVA,"1,357"
Ľubomír Pidany,SĽS,798
Ján Popaďak,"PaS,99%",389
Igor Pribula,"KDH,MOST - HÍD,SDKÚ - DS","1,900"
Ján Ragan,SMER - SD,"4,481"
Milan Reich,KOS,323
Emília Rujaková,SĽS,89
Tomáš Sabovík,ĽS-HZDS,210
Paulína Sopková,NaS - ns,336
Štefan Straka,KSS,"1,403"
Ján Šimko,NaS - ns,639
Pavol Štefanko,EDS,141
Jozef Tomašik,SNS,303
Miroslava Urbanová,NaS - ns,210
Helena Vancáková,"PaS,99%",194
Gabriel Vilcega,NaS - ns,320
Pavol Zajac,"KDH,MOST - HÍD,SDKÚ - DS","1,704"
,,
Košický kraj,,
,,
Volebný obvod č. 1,,
 , , 
Rastislav Amrich,NOVA,"1,343"
Renáta Bagiová,KDS,677
Štefan Baláž,NOVA,"1,106"
Kosmas Bekiaris,7 STATOČNÝCH,768
Štefan Bereš,NEKA,"1,055"
Peter Berta,NEKA,"1,088"
Cyril Betuš,PD,949
Ľubica Blaškovičová,NEKA,"1,721"
Jozef Burian,SMER - SD,"1,508"
Miroslav Čonka,MS,449
Terézia Dančáková,KSS,437
Vlastimil Eštvan,SNS,225
Jozef Figeľ,"KDH,SDKÚ - DS,MOST - HÍD","1,651"
Jozef Filipko,SMK-MKP,719
Ľubica Gaľová,NEKA,935
Marcel Gibóda,NEKA,"1,202"
Ľubomír Grega,NEKA,"1,502"
Juraj Gubík,NOVA,642
Vladimír Gürtler,7 STATOČNÝCH,"1,122"
Jozef Holečko,NEKA,521
Viera Idesová,SĽS,189
Miloš Ihnát,SMER - SD,"1,436"
Nikola Kibritov,DS,287
Peter Kolár,SMK-MKP,393
Michal Kravčík,7 STATOČNÝCH,"1,177"
Štefan Laský,SMER - SD,"1,365"
Zsolt Lukács,NEKA,626
Marián Macej,"KDH,SDKÚ - DS,MOST - HÍD","1,156"
Jaroslav Macko,KSS,371
Monika Makeľová,ĽS-HZDS,237
Alexander Murin,SĽS,263
Ladislav Nagy,SĽS,231
Ladislav Ondrášek,OKS,163
Peter Pihorňa,SaS,548
Jaroslav Polaček,NEKA,"1,146"
Ivan Pramuk,SĽS,192
Robert Roland,DS,645
Ján Struk,SMS,165
Maroš Štupák,ĽS Naše Slovensko,211
Andreja Takáčová,NEKA,"1,452"
Rastislav Trnka,"KDH,SDKÚ - DS,MOST - HÍD","1,727"
Vladimír Vágási,"KDH,SDKÚ - DS,MOST - HÍD","1,276"
Marek Vargovčák,"KDH,SDKÚ - DS,MOST - HÍD","1,803"
,,
Volebný obvod č. 2,,
 , , 
Miroslav Andrássy,SMS,566
Alexander Barna,NOVA,"1,142"
Rudolf Bauer,KDS,"3,400"
Milan Bereš,"KDH,SDKÚ - DS,MOST - HÍD","1,737"
Jozef Bojčik,"KDH,SDKÚ - DS,MOST - HÍD","1,301"
Jozef Buček,SMER - SD,"1,312"
Marta Budišová,SMER - SD,"1,399"
Tibor Čisár,EDS,150
Marek Ďurán,ĽS Naše Slovensko,329
Juraj Ďurove,NEKA,907
Mária Eperješiová,DS,449
Mária Grüllingová,SMER - SD,"1,883"
Dana Grusová,KSS,642
Alfonz Halenár,NEKA,"2,241"
Ján Jakubov,SMER - SD,"1,852"
Marcel Jurko,OKS,456
Igor Jutka,"KDH,SDKÚ - DS,MOST - HÍD","2,137"
Jozef Karabin,NEKA,"1,067"
Iveta Kijevská,"KDH,SDKÚ - DS,MOST - HÍD","1,953"
Emil Kočiš,NEKA,"1,406"
Darina Kolesárová,7 STATOČNÝCH,696
Vladimír Komár,MS,206
Jozef Kozel,SMK-MKP,252
Peter Mati,SOĽ,245
Pavol Mutafov,SMER - SD,"1,598"
Tomáš Orenič,NÁŠ KRAJ,466
Ján Pavlisko,SZS,560
Jarmila Petrová,EDS,212
Enikő Račeková,SMK-MKP,340
Ladislav Rovinský,"Zmena zdola, DÚ",898
Daniel Rusnák,"KDH,SDKÚ - DS,MOST - HÍD","1,975"
Viera Šándorová,SMS,204
Andrea Škapincová,NÁŠ KRAJ,497
Michal Šveda,SMS,553
Pavel Titl,DS,417
Vojtech Tóth,NEKA,"1,073"
Marek Tóth,"Zmena zdola, DÚ",474
Peter Turák,"KDH,SDKÚ - DS,MOST - HÍD",843
Róbert Vavrek,7 STATOČNÝCH,652
Marcel Vrchota,SaS,549
Iveta Zavacká,ĽS-HZDS,294
Beáta Zemková,NEKA,"1,025"
Tomáš Zolovčík,SNS,465
,,
Volebný obvod č. 3,,
 , , 
Jozef Andrejčák,SMER - SD,"1,348"
Eva Antónyová,NEKA,"1,098"
František Gajdoš,PD,58
Peter Jurči,SNS,136
Juraj Kolesár,ĽS Naše Slovensko,112
Ján Kozák,SĽS,51
Marián Krasnovský,SaS,208
Roman Križalkovič,SaS,182
Roman Martončík,SMS,87
Marcel Maskaľ,7 STATOČNÝCH,171
Ján Sekáč,"KDH,SDKÚ - DS,MOST - HÍD",798
Tomáš Tarajčák,NOVA,366
Michal Tkáč,"KDH,SDKÚ - DS,MOST - HÍD",484
,,
Volebný obvod č. 4,,
 , , 
Tibor Bacsó,NOVA,"1,154"
Miroslav Barnovský,7 STATOČNÝCH,554
Ladislav Breicha,NOVA,852
Peter Brugoš,KSS,264
Ivo Čabra,NOVA,959
Anton Čekan,ĽS Naše Slovensko,210
Anton Čekan ,SĽS,130
Ľubomír Demský,"KDH,SDKÚ - DS,MOST - HÍD","1,478"
Jaroslav Džunko,NEKA,688
Boris Farkašovský,SMER - SD,"1,469"
Jozef Halász,DS,266
Jaroslav Hlinka,SMER - SD,"2,375"
Mária Hofmanová,SĽS,130
Rudolf Iškovič,ĽS Naše Slovensko,220
Anna Jenčová,SMER - SD,"1,926"
František Kľučár,99%,173
Roman Košč,SĽS,173
Jozef Kováč,SaS,491
Pavol Lehotský,ĽS-HZDS,191
Renáta Lenártová,SMER - SD,"2,176"
Karol Linhart,7 STATOČNÝCH,497
Rastislav Masnyk,SaS,766
Juraj Mikita,ĽS-HZDS,156
Ladislav Miko,7 STATOČNÝCH,359
Rozália Mudrá,SMK-MKP,447
Roman Radvák,SNS,367
Vladimír Saxa,"KDH,SDKÚ - DS,MOST - HÍD","1,653"
Mária Semanová,NEKA,696
Gabriel Schwarcz,SMS,202
Lukáš Sisák,KSS,355
Vladislav Stankovič,SĽS,137
Jarmila Tkáčová,"KDH,SDKÚ - DS,MOST - HÍD","1,244"
Rudolf Varga,99%,362
Štefan Varga,99%,234
Ondrej Vilner,PD,362
,,
Volebný obvod č. 5,,
 , , 
Miroslav Bačenko,NEKA,839
Viliam Bačo,NEKA,800
Ján Bačo,SĽS,530
Martin Baltes,SĽS,542
Miloš Barcal,NEKA,"1,341"
Ladislav Bartók,NEKA,975
Július Beluscák,"KDH,SDKÚ - DS,MOST - HÍD","1,918"
Monika Bérešová,SZS,"1,615"
Alexander Bimbo,SRÚS,184
Ivan Buchla,SNS,514
Jenő Csoltkó,NEKA,"1,572"
Róbert Čarny,SNS,718
Viktor Dulina,NEKA,"1,246"
Karol Dzugas,NEKA,906
Elena Fialková,"KDH,SDKÚ - DS,MOST - HÍD","1,882"
Július Grulyo,NEKA,"1,596"
Jozef Holečko,SMK-MKP,"1,879"
Ľubica Holováčová,SĽS,371
Roman Horváth,SRÚS,230
Slavomír Horváth,SNS,897
Ivan Hriczko,NEKA,"1,064"
László Iván,SMK-MKP,"2,276"
Marián Kertész,PD,197
Anton Király,SMK-MKP,"1,806"
Františka Kočišová,SĽS,339
Imrich Kohút,SĽS,319
Ján Kokarda,NEKA,"2,006"
Jozef Koňa,SĽS,291
Jozef Konkoly,SMER - SD,"3,509"
László Köteles,SMK-MKP,"2,474"
Norbert Krušinský,"KDH,SDKÚ - DS,MOST - HÍD","1,670"
Štefan Laczkó,7 STATOČNÝCH,593
Božena Letková,NEKA,810
Elena Majancsíková,SĽS,373
Štefan Markovič,"KDH,SDKÚ - DS,MOST - HÍD","1,470"
Ján Marton,NOVA,765
Anton Medvec,NEKA,"1,132"
Ján Mikloš,KSS,488
Ladislav Miko,7 STATOČNÝCH,445
Rastislav Moric,7 STATOČNÝCH,409
Peter Palaščák,SOĽ,308
Dominika Palaščáková,NOVA,"1,559"
Peter Papáč,KSS,582
Jaroslav Pástor,"KDH,SDKÚ - DS,MOST - HÍD","1,652"
Štefan Petrík,"KDH,SDKÚ - DS,MOST - HÍD","1,982"
František Petro,SMER - SD,"1,874"
Vladimír Popovič,SMS,510
Michal Rečka,SMER - SD,"2,256"
Viktor Sasák,"KDH,SDKÚ - DS,MOST - HÍD","1,579"
Ján Stanislav,SNS,434
Vojtech Staňo,SMER - SD,"1,239"
Tomáš Suchý,"KDH,SDKÚ - DS,MOST - HÍD","1,494"
Róbert Šándor,NEKA,746
Ľubomír Šimko,SMER - SD,"1,724"
Radoslav Šimko,SNS,708
Jozef Tischler,SĽS,189
Mária Topoľančinová,ĽS-HZDS,409
Marián Tóth,SaS,627
Monika Vargová,SNS,938
Ladislav Vojtko,KSS,536
István Zachariaš,SMK-MKP,"2,794"
,,
Volebný obvod č. 6,,
 , , 
Antonín Cicoň,SMER - SD,698
Anna Ganzová,ĽS-HZDS,254
Anna Hicárová,SĽS,110
Vladimír Hojstrič,SaS,283
Ján Kalafus,SNS,429
Janka Kipikašová,NOVA,199
Vladimír Končík,"KDH,SDKÚ - DS,MOST - HÍD",498
Pavol Kuspan,OKS,207
Kamil Münnich,NEKA,904
Igor Petrik,NEKA,"1,728"
Miroslav Pisko,SMER - SD,801
Peter Popadič,"KDH,SDKÚ - DS,MOST - HÍD",618
Jana Pronská,OKS,290
Vladimír Urban,PD,102
,,
Volebný obvod č. 7,,
 , , 
Imrich Balog,KĽS,390
Dagmara Balogová,KSS,471
Attila Barkó,SMK-MKP,"1,483"
Ján Bednár,NOVA,408
Jozef Bobík,"KDH,SDKÚ - DS,MOST - HÍD","2,673"
Juraj Brecko,KSS,864
Tomáš Bubelíny,NOVA,329
Jana Cibereová,SMER - SD,"4,512"
Arpád Csuri,"KDH,SDKÚ - DS,MOST - HÍD","1,774"
Ján Čuchran,"KDH,SDKÚ - DS,MOST - HÍD","2,359"
Ivo Dubík,7 STATOČNÝCH,538
Vladimír Dunajčák,ĽS-HZDS,"1,069"
Emil Ďurovčík,SMER - SD,"6,679"
Valéria Eľková,NEKA,"2,519"
František Farkaš,SMER - SD,"4,645"
Jaroslav Ferenc,KĽS,230
Vladimíra Fortunová,KSS,500
Stanislav Gaľa,SNS,742
Bohuš Jakuboc,"KDH,SDKÚ - DS,MOST - HÍD","1,886"
Juraj Jevin,SaS,771
Jozef Jusko,ÚSVIT,233
Ali Kamberovič,ĽS-HZDS,497
Milan Kaplan,NOVA,791
Slavomír Kešeľ,SRÚS,262
Martin Magura,SMS,435
Jozef Makohus,SMER - SD,"3,271"
Eduard Maskaľ,ĽS-HZDS,457
Ján Mičuda,NEKA,396
Ján Mihalečko,SMER - SD,"4,630"
Gábor Mihók,SMK-MKP,"1,872"
Matúš Nameš,SNS,399
Rastislav Olexa,NEKA,"1,027"
Martin Pado,"KDH,SDKÚ - DS,MOST - HÍD","2,008"
Ján Paľovčík,"KDH,SDKÚ - DS,MOST - HÍD","2,784"
Oliver Petrík,NEKA,"2,783"
Milan Potocký,NEKA,"1,747"
Ján Potocký,SMS,588
Ľubica Rošková,SMER - SD,"4,061"
Branislav Sijka,NEKA,"1,461"
Andrea Sisák,NEKA,563
Martin Stripai,SMS,882
Miroslav Surmánek,NOVA,737
Matej Šarocký,"KDH,SDKÚ - DS,MOST - HÍD","1,525"
Jaroslava Špaková,DS,380
Gabriel Timko,SMS,361
Jaroslav Tokár,SRÚS,361
Rastislav Tomaš,KSS,466
Štefan Tomáš,7 STATOČNÝCH,787
Mária Uchnárová,SMS,249
Pavol Valko,SMS,286
Jaroslav Vaľo,SNS,652
Tibor Varga,SMK-MKP,"1,477"
Mária Vargová,"KDH,SDKÚ - DS,MOST - HÍD","2,437"
Viliam Zahorčák,SMER - SD,"6,522"
Slavomír Žužo,MS,584
,,
Volebný obvod č. 8,,
 , , 
Ján Babič,SMER - SD,"2,301"
Zlatica Bachňáková,KSS,296
Štefan Bašták,SMER - SD,"1,811"
Beáta Bekeová,SMK-MKP,"1,170"
Juraj Bernár,KSS,349
Matúš Bischof,OKS,643
Peter Bollo,"KDH,SDKÚ - DS,MOST - HÍD","1,457"
Pavol Burdiga,"KDH,SDKÚ - DS,MOST - HÍD","2,164"
Božena Czmórová,"KDH,SDKÚ - DS,MOST - HÍD",353
Milan Fafrák,KSS,441
Ján Frák,NEKA,454
Ľuboš Gál,7 STATOČNÝCH,464
Miloš Gallo-Barnák,"KDH,SDKÚ - DS,MOST - HÍD",772
Jana Gallová,ÚSVIT,489
Ľudovít Gunár,SRÚS,556
Karol Horník,SMER - SD,"1,533"
Izabella Hurajtová,NOVA,420
Július Kerekes,NEKA,909
Jaroslav Kočiš,KSS,280
Jozef Kováč,NOVA,401
Stanislav Kučerák,SRÚS,316
Ivan Kuhn,OKS,842
Jozef Kušnier,ĽS Naše Slovensko,607
Ján Lach,"KDH,SDKÚ - DS,MOST - HÍD",980
Eduard Mako,SRÚS,488
Gejza Milko,SMER - SD,"1,292"
Milan Mlynár,SNS,922
Juraj Nagy,NEKA,"1,904"
Peter Pamula,SNS,812
Ferenc Porubán,SMK-MKP,"1,191"
Štefan Szaniszló,ĽS Naše Slovensko,607
Ján Szöllös,SMK-MKP,"1,395"
Jozef Šebalj,DS,150
Tibor Takáč,OKS,459
Janka Vavreková,KSS,344
,,
Volebný obvod č. 9,,
 , , 
Martin Banom,SRÚS,167
Ján Biačko,"KDH,SDKÚ - DS,MOST - HÍD",829
Ladislav Brandabura,"KDH,SDKÚ - DS,MOST - HÍD",428
Štefan Džurina,SZS,"1,987"
Valéria Juríková,DS,75
Martin Kendereš,NEKA,"1,348"
Marián Landa,99%,183
Ľubomíra Legátová,ĽS-HZDS,73
Boleslav Lešo,SMER - SD,"2,354"
Marek Lojzi,KĽS,41
Martin Pastirik,SNS,781
Štefan Staško,SMER - SD,"2,263"
,,
Volebný obvod č. 10,,
 , , 
Adnan Akram,"KDH,SDKÚ - DS,MOST - HÍD","2,303"
Alojz Almássy,KSS,629
Pavol Bečarik,NEKA,"3,071"
Michal Beharka,SMER - SD,"1,867"
Janka Brziaková,SMER - SD,"2,466"
Marián Bubeník,ĽS-HZDS,"1,277"
Miroslav Čuj,KSS,753
Dávid Demečko,SNS,"1,782"
Marián Hojstrič,"KDH,SDKÚ - DS,MOST - HÍD","3,601"
Patrik Hrobľák,NEKA,900
Martin Chovanec,NOVA,"1,406"
Beata Janovcová,SNS,"1,064"
Rastislav Javorský,"KDH,SDKÚ - DS,MOST - HÍD","2,662"
Róbert Kočiš,NOVA,"1,636"
Michal Komara,NEKA,"2,764"
Jozef Krempaský,NOVA,"1,427"
Ondrej Majerník,SMER - SD,"2,302"
Zuzana Páleníková,NOVA,"1,487"
Iveta Rušinová,SMER - SD,"2,713"
Miroslav Semeš,SMER - SD,"2,321"
Miroslava Szitová,"KDH,SDKÚ - DS,MOST - HÍD","2,337"
Františka Šefčíková,DS,694
Stanislav Vospálek,"KDH,SDKÚ - DS,MOST - HÍD","2,909"
,,
Volebný obvod č. 11,,
 , , 
Edita Anthony,SaS,400
Igor Balog,SRÚS,861
Mikuláš Balog,EDS,165
Martin Begala,NEKA,"1,302"
Ladislav Bodnár,NEKA,906
Ľubomír Bulla,NEKA,905
Zlatica Čeplíková,NEKA,785
Marek Čižmár,NEKA,"2,931"
Štefan Duč,NEKA,"2,884"
Vladimír Dvorový,SMER - SD,"2,560"
Robert Engel,NEKA,480
László Farkas,SMK-MKP,"2,227"
Marián Ferčák,ĽS-HZDS,503
Miloš Ferko,NOVA,369
Peter Figeľ,DS,466
Csaba Furik,SMK-MKP,"2,771"
Martin Galgoczy,NEKA,602
Gejza Gore,NEKA,"1,104"
Magdaléna Haburová,NEKA,"1,194"
Matúš Hada,KĽS,91
Ján Hornyák,"KDH,SDKÚ - DS,MOST - HÍD","1,583"
Jozef Horváth,SMER - SD,"2,981"
Aneta Horváthová,EDS,174
Ladislav Illés,SMK-MKP,"2,400"
Tibor Jánošík,NOVA,418
Vladimír Juroš,MS,471
Tichomír Kačo,NEKA,"1,406"
Terézia Kačová,NOVA,642
Michaela Kapustníková,NOVA,388
Andrej Kocák,MS,417
Iveta Kohanová,NEKA,557
František Kolbaský,ÚSVIT,214
Marián Kolesár,NEKA,"1,870"
Jaroslav Konečný,NEKA,"1,175"
József Kopasz,SMK-MKP,"2,569"
Cyril Korpesio,"KDH,SDKÚ - DS,MOST - HÍD","1,212"
Tomáš Kříž,"KDH,SDKÚ - DS,MOST - HÍD","1,035"
Miloš Kubica,NEKA,466
Ľudovít Laczko,SMK-MKP,"1,559"
Ján Lukáč,SMS,333
Katarína Mischurová,NEKA,956
Jana Mišenková,NÁŠ KRAJ,240
Jana Mondiková,SMER - SD,"2,714"
Jozef Orenič,NÁŠ KRAJ,318
Juraj Oščenda,ĽS Naše Slovensko,323
Juliana Pašková,NEKA,"1,124"
Karol Pataky,"KDH,SDKÚ - DS,MOST - HÍD","2,686"
Peter Pető,NEKA,355
Rastislav Petrovič,SMER - SD,"2,457"
Ľubomír Princík,NEKA,853
Róbert Puci,SMER - SD,"2,986"
Miroslav Ramšak,ĽS Naše Slovensko,325
Gejza Sačko,"KDH,SDKÚ - DS,MOST - HÍD","2,982"
Juraj Selecký,NEKA,"1,424"
Vladimír Seman,"KDH,SDKÚ - DS,MOST - HÍD","1,672"
Juraj Sobek,SMER - SD,"3,138"
Jaroslav Soták,NEKA,952
Pavel Szijjártó,SĽS,125
Ladislav Szilágyi,SaS,334
Ladislav Szunyog,"KDH,SDKÚ - DS,MOST - HÍD","1,805"
Mária Szuperák,SMK-MKP,"2,648"
Štefan Tatranský,KSS,"1,158"
Ján Tomáš,NEKA,847
František Tomko,NEKA,"1,078"
Ľudovít Tóth,SĽS,235
Miroslav Tóth,SMER - SD,"2,276"
Michal Zurbola,"KDH,SDKÚ - DS,MOST - HÍD","1,922"
